"source"	"starts_at"	"ends_at"	"tipologia"	"nota"
"S106"	"358"	"419"	"parole"	""
"S106"	"4206"	"4392"	"sintagmi"	""
"S106"	"6407"	"6478"	"frasi"	""
"S106"	"9397"	"9779"	"sintagmi"	"parentesi"
"S106"	"10032"	"10069"	"parole"	""
"S106"	"12667"	"13882"	"frasi"	""
"S106"	"19112"	"19262"	"frasi"	""
"S106"	"20951"	"21184"	"misto"	""
"S106"	"26719"	"27066"	"sintagmi"	""
"S106"	"27257"	"27379"	"sintagmi"	""
"S106"	"27394"	"27441"	"parole"	""
"S106"	"28200"	"28975"	"misto"	"parentesi"
"S106"	"31594"	"31687"	"misto"	""
"S106"	"31994"	"32338"	"sintagmi"	""
"S106"	"35209"	"35460"	"sintagmi"	""
"S106"	"35611"	"35784"	"sintagmi"	""
"S106"	"37272"	"37307"	"parole"	""
"S106"	"37650"	"37691"	"parole"	""
"S106"	"39183"	"39266"	"frasi"	""
"S107"	"4008"	"4091"	"parole"
"S107"	"4338"	"4448"	"misto"
"S123"	"1071"	"1112"	"parole"	""
"S123"	"2376"	"2567"	"sintagmi"	""
"S123"	"4689"	"4859"	"sintagmi"	""
"S123"	"5062"	"5261"	"sintagmi"	""
"S123"	"5371"	"5486"	"misto"	""
"S123"	"5575"	"5754"	"misto"	""
"S123"	"6092"	"6168"	"parole"	""
"S123"	"11185"	"11218"	"parole"	""
"S123"	"11988"	"12118"	"sintagmi"	""
"S123"	"12417"	"12526"	"frasi"	""
"S123"	"14155"	"14637"	"misto"	""
"S125"	"4608"	"5164"	"frasi"	""
"S125"	"12156"	"12692"	"misto"	""
"S125"	"16003"	"16048"	"parole"	""
"S125"	"16225"	"16330"	"frasi"	""
"S127"	"1014"	"1174"	"sintagmi"	""
"S127"	"6281"	"6772"	"frasi"	""
"S127"	"7534"	"7621"	"sintagmi"	""
"S127"	"8521"	"8635"	"misto"	""
"S127"	"11481"	"11806"	"misto"	""
"S127"	"14076"	"14326"	"sintagmi"	""
"S127"	"15458"	"15728"	"frasi"	""
"S127"	"16126"	"16160"	"parole"	""
"S127"	"16540"	"16699"	"parole"	""
"S133"	"91"	"440"	"sintagmi"	""
"S133"	"2493"	"2723"	"sintagmi"	""
"S133"	"8475"	"8516"	"parole"	""
"S133"	"8828"	"9573"	"frasi"	""
"S133"	"13921"	"14107"	"frasi"	""
"S133"	"15791"	"15857"	"parole"	""
"S133"	"19468"	"19479"	"parole"	""
"S133"	"19543"	"19554"	""	""
"S133"	"19771"	"19782"	"parole"	""
"S133"	"21364"	"22454"	"sintagmi"	""
"S133"	"23358"	"23465"	"sintagmi"	""
"S133"	"23697"	"23758"	"parole"	""
"S133"	"24372"	"24395"	"parole"	""
"S133"	"27227"	"27505"	"sintagmi"	""
"S134"	"4750"	"4882"	"frasi"	""
"S134"	"5419"	"5680"	"misto"	""
"S134"	"11066"	"11111"	"parole"	""
"S134"	"13993"	"14156"	"misto"	""
"S134"	"18526"	"18669"	"frasi"	""
"S134"	"25183"	"25607"	"sintagmi"	""
"S134"	"27309"	"27384"	"parole"	""
"S135"	"13299"	"13469"	"frasi"	""
"S135"	"17586"	"17778"	"sintagmi"	""
"S135"	"17780"	"17838"	"parole"	""
"S136"	"4583"	"4643"	"misto"	""
"S136"	"5334"	"5361"	"parole"	""
"S136"	"6464"	"6599"	"frasi"	""
"S136"	"9968"	"10070"	"sintagmi"	""
"S137"	"1125"	"1242"	"parole"	""
"S137"	"1763"	"1923"	"sintagmi"	""
"S137"	"3313"	"3841"	"frasi"	""
"S137"	"7627"	"7658"	"parole"	""
"S137"	"11324"	"11428"	"sintagmi"	""
"S137"	"21256"	"21372"	"sintagmi"	""
"S138"	"7801"	"7867"	"parole"	""
"S138"	"13646"	"13731"	"frasi"	""
"S139"	"3023"	"3092"	"parole"	""
"S139"	"5130"	"5282"	"sintagmi"	""
"S139"	"7888"	"7930"	"parole"	""
"S139"	"17055"	"17236"	"frasi"	""
"S140"	"4506"	"4703"	"frasi"	""
"S140"	"7266"	"7759"	"sintagmi"	""
"S140"	"12776"	"12935"	"frasi"	""
"S140"	"11704"	"12255"	"frasi"	""
"S141"	"2102"	"2276"	"parole"	""
"S141"	"2847"	"2927"	"sintagmi"	""
"S141"	"7311"	"7368"	"misto"	""
"S141"	"9727"	"9757"	"parole"	""
"S141"	"13320"	"13748"	"sintagmi"	""
"S141"	"15245"	"15302"	"parole"	""
"S141"	"15427"	"15500"	"parole"	""
"S141"	"16131"	"16192"	"parole"	""
"S141"	"16508"	"16566"	"parole"	""
"S142"	"4061"	"4829"	"sintagmi"	""
"S142"	"6881"	"7168"	"frasi"	""
"S142"	"9109"	"9424"	"frasi"	""
"S142"	"9974"	"10551"	"frasi"	""
"S142"	"16119"	"16231"	"misto"	""
"S142"	"18439"	"18581"	"frasi"	""
"S142"	"18782"	"18953"	"frasi"	""
"S143"	"425"	"577"	"frasi"	""
"S143"	"1901"	"2162"	"frasi"	""
"S143"	"3037"	"3184"	"frasi"	""
"S143"	"6247"	"6439"	"frasi"	""
"S143"	"7140"	"7252"	"parole"	""
"S143"	"7296"	"7383"	"misto"	""
"S144"	"804"	"851"	"parole"	""
"S144"	"1751"	"1813"	"parole"	""
"S144"	"2118"	"2300"	"frasi"	""
"S144"	"6716"	"6837"	"frasi"	""
"S144"	"7823"	"7933"	"misto"	""
"S144"	"9452"	"9588"	"frasi"	""
"S144"	"10410"	"10699"	"frasi"	""
"S144"	"10857"	"10981"	"sintagmi"	""
"S144"	"15187"	"15470"	"frasi"	""
"S144"	"17624"	"17669"	"frasi"	""
"S144"	"18374"	"18541"	"frasi"	""
"S144"	"18925"	"19116"	"frasi"	""
"S144"	"19421"	"20050"	"frasi"	""
"S145"	"5518"	"5711"	"sintagmi"	""
"S145"	"10682"	"10714"	"parole"	""
"S145"	"20013"	"20305"	"frasi"	""
"S145"	"20632"	"20815"	"frasi"	""
"S146"	"5511"	"5598"	"sintagmi"	""
"S146"	"10544"	"10800"	"frasi"	""
"S146"	"12333"	"12750"	"sintagmi"	""
"S147"	"879"	"1091"	"sintagmi"	""
"S147"	"2019"	"2113"	"misto"	""
"S147"	"2248"	"2468"	"frasi"	""
"S147"	"4913"	"5284"	"sintagmi"	""
"S147"	"5634"	"5786"	"frasi"	""
"S147"	"16460"	"16707"	"frasi"	""
"S147"	"17531"	"17573"	"frasi"	""
"S147"	"18479"	"18603"	"frasi"	""
"S148"	"1542"	"1611"	"parole"	""
"S148"	"6252"	"6366"	"misto"	""
"S148"	"6426"	"6554"	"frasi"	""
"S148"	"6556"	"7107"	"sintagmi"	""
"S148"	"7314"	"7451"	"sintagmi"	""
"S148"	"7679"	"7828"	"sintagmi"	""
"S149"	"1795"	"1877"	"frasi"	""
"S149"	"21985"	"22022"	"parole"	""
"S149"	"23706"	"23863"	"frasi"	""
"S149"	"25079"	"25376"	"sintagmi"	""
"S150"	"2652"	"2998"	"frasi"	""
"S150"	"7731"	"7852"	"sintagmi"	""
"S150"	"8345"	"8402"	"parole"	""
"S150"	"8973"	"9003"	"parole"	""
"S150"	"9736"	"9772"	"frasi"	""
"S150"	"10043"	"10388"	"frasi"	""
"S150"	"15012"	"15152"	"sintagmi"	""
"S150"	"15973"	"16073"	"misto"	""
"S150"	"17706"	"17940"	"sintagmi"	""
"S150"	"17948"	"18239"	"sintagmi"	""
"S150"	"18722"	"18772"	"parole"	""
"S150"	"19729"	"20080"	"frasi"	""
"S150"	"20628"	"20751"	"sintagmi"	""
"S151"	"783"	"850"	"parole"	""
"S151"	"971"	"1019"	"parole"	""
"S151"	"1547"	"1579"	"parole"	""
"S151"	"1782"	"1920"	"sintagmi"	""
"S151"	"2363"	"2848"	"frasi"	""
"S151"	"3185"	"3242"	"parole"	""
"S151"	"3285"	"3998"	"frasi"	""
"S151"	"4426"	"4485"	"frasi"	""
"S151"	"5193"	"5790"	"frasi"	""
"S151"	"6915"	"6972"	"parole"	""
"S151"	"7034"	"7096"	"parole"	""
"S151"	"11247"	"11362"	"parole"	""
"S151"	"13657"	"14118"	"frasi"	""
"S151"	"15213"	"15249"	"parole"	""
"S151"	"19355"	"19437"	"sintagmi"	""
"S151"	"20623"	"20701"	"misto"	""
"S151"	"22208"	"22303"	"sintagmi"	""
"S151"	"24397"	"24763"	"frasi"	""
"S152"	"202"	"359"	"misto"	""
"S152"	"369"	"405"	"parole"	""
"S152"	"630"	"725"	"sintagmi"	""
"S152"	"1012"	"1162"	"frasi"	""
"S152"	"1170"	"1263"	"sintagmi"	""
"S152"	"1462"	"1587"	"sintagmi"	""
"S152"	"2127"	"2212"	"misto"	""
"S152"	"3095"	"3265"	"frasi"	""
"S152"	"8085"	"8119"	"parole"	""
"S152"	"10944"	"11012"	"misto"	""
"S152"	"13602"	"13830"	"frasi"	""
"S152"	"14238"	"14268"	"parole"	""
"S152"	"14643"	"14694"	"parole"	""
"S152"	"16531"	"16835"	"frasi"	""
"S152"	"18703"	"18732"	"parole"	""
"S152"	"18756"	"18779"	"parole"	""
"S152"	"20923"	"20961"	"parole"	""
"S152"	"21922"	"22015"	"sintagmi"	""
"S152"	"23430"	"23700"	"frasi"	""
"S152"	"24261"	"24301"	"parole"	""
"S152"	"27985"	"28027"	"parole"	""
"S152"	"30313"	"30681"	"frasi"	""
"S152"	"31172"	"31504"	"frasi"	""
"S152"	"34374"	"34534"	"frasi"	""
"S152"	"34536"	"34649"	"misto"	""
"S152"	"35356"	"35384"	"parole"	""
"S152"	"35412"	"35438"	"parole"	""
"S152"	"36570"	"36787"	"frasi"	""
"S152"	"37782"	"38090"	"sintagmi"	""
"S152"	"38123"	"38366"	"sintagmi"	""
"S152"	"38651"	"38699"	"parole"	""
"S152"	"42699"	"42791"	"sintagmi"	""
"S152"	"45120"	"45351"	"frasi"	""
"S152"	"46050"	"46305"	"frasi"	""
"S152"	"47392"	"47546"	"sintagmi"	""
"S152"	"50006"	"50045"	"parole"	""
"S152"	"50845"	"51181"	"misto"	""
"S152"	"51204"	"51306"	"frasi"	""
"S152"	"51447"	"51538"	"frasi"	""
"S152"	"56912"	"57121"	"sintagmi"	""
"S152"	"58155"	"58238"	"misto"	""
"S152"	"58788"	"58817"	"parole"	""
"S152"	"58909"	"58950"	"parole"	""
"S152"	"60999"	"61082"	"frasi"	""
"S152"	"62385"	"62487"	"frasi"	""
"S152"	"63885"	"64196"	"frasi"	""
"S152"	"64401"	"64539"	"frasi"	""
"S152"	"65094"	"65270"	"frasi"	""
"S152"	"65949"	"66006"	"parole"	""
"S152"	"67047"	"67529"	"frasi"	""
"S152"	"67755"	"67848"	"sintagmi"	""
"S152"	"68392"	"68489"	"sintagmi"	""
"S152"	"71242"	"71382"	"sintagmi"	""
"S152"	"72120"	"72291"	"frasi"	""
"S152"	"74051"	"74229"	"sintagmi"	""
"S152"	"76158"	"76379"	"frasi"	""
"S152"	"78870"	"79001"	"misto"	""
"S152"	"79242"	"79357"	"sintagmi"	""
"S152"	"79669"	"79812"	"frasi"	""
"S152"	"81478"	"82408"	"frasi"	""
"S152"	"83952"	"84258"	"frasi"	""
"S152"	"84479"	"84516"	"parole"	""
"S152"	"88805"	"88926"	"sintagmi"	""
"S152"	"90017"	"90475"	"frasi"	""
"S152"	"95513"	"95691"	"parole"	""
"S153"	"7636"	"7915"	"sintagmi"	""
"S153"	"9440"	"9576"	"misto"	""
"S153"	"14839"	"15167"	"frasi"	""
"S154"	"5141"	"5361"	"sintagmi"	""
"S154"	"11899"	"12099"	"sintagmi"	""
"S154"	"15012"	"15070"	"parole"	""
"S154"	"16464"	"17037"	"frasi"	""
"S154"	"18093"	"18138"	"parole"	""
"S154"	"22023"	"22179"	"sintagmi"	""
"S154"	"24562"	"24591"	"parole"	""
"S154"	"24728"	"24768"	"parole"	""
"S154"	"28127"	"28250"	"misto"	""
"S154"	"32661"	"32788"	"sintagmi"	""
"S154"	"37462"	"37565"	"sintagmi"	""
"S155"	"1710"	"2133"	"frasi"	""
"S155"	"7590"	"7821"	"frasi"	""
"S155"	"8267"	"8638"	"frasi"	""
"S155"	"8964"	"9022"	"parole"	""
"S156"	"3569"	"4013"	"frasi"	""
"S156"	"4562"	"4862"	"frasi"	""
"S156"	"5849"	"6231"	"frasi"	""
"S157"	"9483"	"10851"	"frasi"	""
"S157"	"11703"	"12451"	"frasi"	""
"S157"	"13050"	"13857"	"frasi"	""
"S157"	"15048"	"15166"	"misto"	""
"S158"	"21"	"67"	"parole"	""
"S158"	"4802"	"4939"	"frasi"	""
"S158"	"13827"	"13888"	"parole"	""
"S158"	"17051"	"17356"	"frasi"	""
"S158"	"17795"	"17939"	"frasi"	""
"S159"	"4951"	"5035"	"sintagmi"	""
"S159"	"10288"	"10436"	"sintagmi"	""
"S159"	"13361"	"13427"	"misto"	""
"S159"	"13702"	"13760"	"parole"	""
"S159"	"14238"	"14301"	"parole"	""
"S167"	"5011"	"5057"	"parole"	""
"S167"	"5735"	"5773"	"parole"	""
"S167"	"6181"	"6242"	"parole"	""
"S169"	"1191"	"1625"	"frasi"	""
"S169"	"1639"	"1944"	"sintagmi"	""
"S169"	"3142"	"3393"	"sintagmi"	""
"S169"	"6387"	"6432"	"parole"	""
"S171"	"1303"	"1382"	"parole"	""
"S171"	"7724"	"7781"	"parole"	""
"S171"	"14584"	"15144"	"misto"	""
"S171"	"19222"	"19513"	"frasi"	""
"S171"	"20872"	"20941"	"parole"	""
"S171"	"27447"	"27574"	"sintagmi"	""
"S171"	"29242"	"29294"	"parole"	""
"S171"	"31347"	"31404"	"parole"	""
"S171"	"31970"	"32059"	"parole"	""
"S171"	"39464"	"39679"	"frasi"	""
"S171"	"40132"	"41063"	"misto"	""
"S174"	"3171"	"3203"	"parole"	""
"S175"	"1658"	"1815"	"misto"	""
"S175"	"1962"	"2006"	"parole"	""
"S175"	"2035"	"2066"	"parole"	""
"S175"	"2410"	"2611"	"misto"	""
"S175"	"3046"	"3252"	"sintagmi"	""
"S175"	"4780"	"4991"	"frasi"	""
"S175"	"5217"	"5378"	"sintagmi"	""
"S175"	"9425"	"9481"	"parole"	""
"S175"	"10943"	"10973"	"parole"	""
"S175"	"10986"	"11023"	"parole"	""
"S176"	"6733"	"6792"	"parole"	""
"S177"	"425"	"488"	"frasi"	""
"S177"	"1483"	"1599"	"frasi"	""
"S177"	"1842"	"1951"	"sintagmi"	""
"S177"	"4628"	"4866"	"frasi"	""
"S177"	"7298"	"7489"	"frasi"	""
"S179"	"5480"	"5619"	"sintagmi"	""
"S179"	"8352"	"8439"	"sintagmi"	""
"S179"	"10575"	"10731"	"frasi"	""
"S179"	"12912"	"13158"	"frasi"	""
"S179"	"13415"	"13585"	"frasi"	""
"S179"	"15192"	"15609"	"sintagmi"	""
"S180"	"228"	"325"	"misto"	""
"S180"	"349"	"563"	"sintagmi"	""
"S180"	"665"	"741"	"sintagmi"	""
"S180"	"1151"	"1207"	"parole"	""
"S180"	"2554"	"2624"	"parole"	""
"S180"	"2686"	"2921"	"sintagmi"	""
"S180"	"3380"	"3433"	"sintagmi"	""
"S180"	"3460"	"3492"	"parole"	""
"S181"	"1545"	"1645"	"parole"	""
"S181"	"3525"	"3600"	"parole"	""
"S181"	"4253"	"4604"	"frasi"	""
"S181"	"10707"	"10845"	"misto"	""
"S181"	"15704"	"15877"	"frasi"	""
"S181"	"16306"	"16338"	"parole"	""
"S181"	"17085"	"17258"	"frasi"	""
"S183"	"102"	"272"	"frasi"	""
"S183"	"1505"	"1572"	"parole"	""
"S183"	"1880"	"2086"	"frasi"	""
"S183"	"3152"	"3337"	"misto"	""
"S183"	"4712"	"4746"	"parole"	""
"S183"	"5686"	"5755"	"sintagmi"	""
"S183"	"6822"	"7209"	"misto"	""
"S183"	"8673"	"8745"	"parole"	""
"S183"	"11955"	"12034"	"misto"	""
"S183"	"12066"	"12151"	"parole"	""
"S185"	"924"	"1003"	"sintagmi"	""
"S185"	"5676"	"5723"	"parole"	""
"S185"	"5811"	"6274"	"sintagmi"	""
"S185"	"7167"	"7226"	"sintagmi"	""
"S185"	"9003"	"9185"	"parole"	""
"S185"	"12075"	"12115"	"parole"	""
"S185"	"15867"	"15997"	"sintagmi"	""
"S185"	"16114"	"16190"	"misto"	""
"S185"	"16781"	"16888"	"frasi"	""
"S185"	"21948"	"21987"	"parole"	""
"S185"	"26851"	"26910"	"misto"	""
"S185"	"28817"	"29312"	"frasi"	""
"S185"	"33007"	"33051"	"parole"	""
"S185"	"34232"	"34450"	"misto"	""
"S185"	"38525"	"38562"	"parole"	""
"S188"	"1450"	"1487"	"parole"	""
"S188"	"4560"	"4600"	"parole"	""
"S188"	"6992"	"7086"	"sintagmi"	""
"S188"	"11047"	"11094"	"parole"	""
"S188"	"13817"	"13862"	"parole"	""
"S188"	"14401"	"14454"	"parole"	""
"S189"	"7781"	"7830"	"parole"	""
"S189"	"9981"	"10398"	"frasi"	""
"S189"	"11725"	"11785"	"misto"	""
"S189"	"11897"	"11968"	"parole"	""
"S189"	"13189"	"13303"	"sintagmi"	""
"S202"	"2808"	"3052"	"sintagmi"	""
"S202"	"4987"	"5141"	"sintagmi"	""
"S202"	"5395"	"5643"	"sintagmi"	""
"S202"	"6315"	"6392"	"parole"	""
"S202"	"8620"	"8672"	"parole"	""
"S202"	"9282"	"9454"	"sintagmi"	""
"S202"	"10662"	"10888"	"sintagmi"	""
"S203"	"4466"	"4680"	"sintagmi"	""
"S203"	"5226"	"5441"	"sintagmi"	""
"S203"	"8162"	"8320"	"sintagmi"	""
"S203"	"9192"	"9369"	"frasi"	""
"S204"	"2255"	"2334"	"sintagmi"	""
"S204"	"3518"	"3594"	"sintagmi"	""
"S204"	"4997"	"5038"	"parole"	""
"S204"	"5654"	"6005"	"frasi"	""
"S204"	"6714"	"7009"	"frasi"	""
"S204"	"7175"	"7208"	"parole"	""
"S204"	"7374"	"7431"	"parole"	""
"S204"	"7453"	"7549"	"sintagmi"	""
"S204"	"7891"	"7941"	"parole"	""
"S204"	"12237"	"12325"	"misto"	""
"S204"	"14534"	"14571"	"parole"	""
"S204"	"24591"	"24702"	"sintagmi"	""
"S204"	"26268"	"26418"	"frasi"	""
"S204"	"27587"	"27638"	"parole"	""
"S204"	"27730"	"28161"	"sintagmi"	""
"S204"	"31669"	"31811"	"misto"	""
"S204"	"36135"	"36233"	"misto"	""
"S204"	"38797"	"39008"	"sintagmi"	""
"S204"	"39660"	"39813"	"frasi"	""
"S204"	"40628"	"40811"	"sintagmi"	""
"S204"	"45945"	"46110"	"frasi"	""
"S204"	"46149"	"46285"	"sintagmi"	""
"S205"	"2556"	"2674"	"parole"	""
"S205"	"3587"	"3626"	"parole"	""
"S205"	"5790"	"6061"	"frasi"	""
"S205"	"11473"	"11565"	"misto"	""
"S205"	"12142"	"12253"	"parole"	""
"S205"	"12717"	"12780"	"parole"	""
"S205"	"14799"	"15450"	"frasi"	""
"S206"	"2177"	"2247"	"frasi"	""
"S206"	"2676"	"2778"	"frasi"	""
"S206"	"5024"	"5351"	"sintagmi"	""
"S206"	"5832"	"5866"	"parole"	""
"S206"	"7630"	"7730"	"frasi"	""
"S206"	"7739"	"7814"	"parole"	""
"S206"	"8264"	"8557"	"frasi"	""
"V001"	"829"	"1073"	"misto"	""
"V001"	"2728"	"2877"	"frasi"	""
"V001"	"11468"	"11749"	"frasi"	""
"V001"	"25503"	"25854"	"misto"	""
"V001"	"26196"	"26836"	"misto"	""
"V001"	"31751"	"31778"	"parole"	""
"V001"	"40271"	"40324"	"misto"	""
"V001"	"44193"	"44417"	"frasi"	""
"V001"	"45226"	"45329"	"misto"	""
"V001"	"45401"	"45439"	"parole"	""
"V001"	"49157"	"49309"	"sintagmi"	""
"V001"	"50264"	"50348"	"misto"	""
"V001"	"61853"	"61960"	"frasi"	""
"V001"	"62506"	"62560"	"parole"	""
"V001"	"89121"	"89219"	"frasi"	""
"V001"	"104053"	"104196"	"sintagmi"	""
"V001"	"106202"	"106253"	"parole"	""
"V001"	"106283"	"106422"	"misto"	""
"V001"	"122213"	"122243"	"parole"	""
"V001"	"126538"	"126675"	"frasi"	""
"V001"	"142319"	"142401"	"parole"	""
"V001"	"144318"	"144572"	"sintagmi"	""
"V001"	"145653"	"145719"	"parole"	""
"V001"	"148924"	"149215"	"frasi"	""
"V001"	"153459"	"153667"	"frasi"	""
"V001"	"154095"	"154173"	"parole"	""
"V001"	"160009"	"160087"	"frasi"	""
"V001"	"165704"	"165928"	"frasi"	""
"V001"	"168284"	"168523"	"sintagmi"	""
"V001"	"175372"	"175431"	"parole"	""
"V001"	"177030"	"177087"	"parole"	""
"V001"	"177611"	"177767"	"sintagmi"	""
"V001"	"179655"	"179809"	"sintagmi"	""
"V001"	"183266"	"183664"	"frasi"	""
"V001"	"194897"	"195017"	"frasi"	""
"V001"	"195726"	"195807"	"frasi"	""
"V001"	"200092"	"200221"	"frasi"	""
"V001"	"201586"	"201655"	"frasi"	""
"V001"	"207399"	"207554"	"sintagmi"	""
"V001"	"208191"	"208289"	"sintagmi"	""
"V001"	"209095"	"209145"	"misto"	""
"V001"	"217595"	"218476"	"misto"	""
"V001"	"219104"	"219129"	"parole"	""
"V001"	"220464"	"220551"	"misto"	""
"V001"	"232909"	"233104"	"sintagmi"	""
"V001"	"239033"	"239191"	"frasi"	""
"V001"	"239742"	"239813"	"parole"	""
"V001"	"240361"	"240519"	"misto"	""
"V003"	"7878"	"7983"	"sintagmi"	""
"V003"	"9479"	"9849"	"frasi"	""
"V003"	"10396"	"10590"	"sintagmi"	""
"V003"	"13893"	"13946"	"parole"	""
"V003"	"16407"	"16463"	"parole"	""
"V003"	"19191"	"19233"	"parole"	""
"V003"	"20622"	"20951"	"frasi"	""
"V003"	"31799"	"31857"	"parole"	""
"V003"	"33570"	"33987"	"frasi"	""
"V003"	"41367"	"41438"	"misto"	""
"V003"	"48882"	"48995"	"frasi"	""
"V003"	"49768"	"49917"	"frasi"	""
"V003"	"51105"	"51189"	"sintagmi"	""
"V003"	"56725"	"56850"	"frasi"	""
"V003"	"58791"	"58822"	"parole"	""
"V003"	"59720"	"59760"	"parole"	""
"V003"	"66400"	"66449"	"parole"	""
"V003"	"71415"	"71580"	"frasi"	""
"V003"	"82365"	"82439"	"misto"	""
"V003"	"84040"	"84600"	"misto"	""
"V003"	"93680"	"94177"	"frasi"	""
"V003"	"103897"	"103973"	"parole"	""
"V003"	"105395"	"105637"	"sintagmi"	""
"V003"	"110084"	"110385"	"frasi"	""
"V003"	"121740"	"121825"	"sintagmi"	""
"V003"	"130965"	"131529"	"frasi"	""
"V003"	"131768"	"132093"	"frasi"	""
"V003"	"132136"	"132309"	"frasi"	""
"V005"	"704"	"1318"	"frasi"	""
"V005"	"3344"	"3396"	"parole"	""
"V005"	"4220"	"4266"	"parole"	""
"V005"	"9494"	"9823"	"frasi"	""
"V005"	"11393"	"11448"	"misto"	""
"V005"	"11592"	"11856"	"frasi"	""
"V005"	"11920"	"11998"	"misto"	""
"V005"	"13592"	"13992"	"frasi"	""
"V005"	"16135"	"16375"	"sintagmi"	""
"V005"	"18892"	"18946"	"parole"	""
"V005"	"20249"	"20420"	"sintagmi"	""
"V005"	"21006"	"21198"	"sintagmi"	""
"V005"	"21784"	"21919"	"sintagmi"	""
"V005"	"22516"	"22605"	"parole"	""
"V005"	"26277"	"26349"	"sintagmi"	""
"V005"	"28625"	"29089"	"frasi"	""
"V005"	"35205"	"35337"	"sintagmi"	""
"V005"	"37883"	"38181"	"frasi"	""
"V005"	"40014"	"40198"	"sintagmi"	""
"V005"	"41266"	"41687"	"frasi"	""
"V005"	"41790"	"41832"	"parole"	""
"V005"	"45364"	"45447"	"sintagmi"	""
"V005"	"52665"	"52826"	"misto"	""
"V005"	"54462"	"54588"	"sintagmi"	""
"V005"	"61482"	"61842"	"misto"	""
"V005"	"62490"	"62607"	"frasi"	""
"V005"	"78091"	"78176"	"misto"	""
"V005"	"90588"	"90706"	"sintagmi"	""
"V005"	"92616"	"92727"	"frasi"	""
"V005"	"93656"	"93689"	"parole"	""
"V005"	"94334"	"94469"	"frasi"	""
"V005"	"94954"	"95476"	"sintagmi"	""
"V005"	"100094"	"100171"	"misto"	""
"V005"	"101162"	"101295"	"sintagmi"	""
"V005"	"101392"	"101455"	"frasi"	""
"V005"	"102735"	"102934"	"sintagmi"	""
"V005"	"105921"	"106010"	"sintagmi"	""
"V005"	"109791"	"109946"	"sintagmi"	""
"V005"	"124568"	"124650"	"parole"	""
"V005"	"128273"	"128396"	"sintagmi"	""
"V005"	"129942"	"130152"	"frasi"	""
"V005"	"131259"	"133340"	"misto"	""
"V005"	"134049"	"134362"	"frasi"	""
"V005"	"134475"	"134633"	"sintagmi"	""
"V005"	"135295"	"135326"	"parole"	""
"V005"	"140183"	"140255"	"sintagmi"	""
"V005"	"148410"	"148522"	"misto"	""
"V005"	"150703"	"151264"	"frasi"	""
"V005"	"160166"	"160341"	"frasi"	""
"V005"	"163729"	"164050"	"frasi"	""
"V005"	"165583"	"165618"	"parole"	""
"V005"	"173956"	"173998"	"parole"	""
"V005"	"178225"	"178351"	"sintagmi"	""
"V005"	"180185"	"180473"	"frasi"	""
"V005"	"188579"	"188812"	"sintagmi"	""
"V005"	"188921"	"188979"	"misto"	""
"V005"	"191339"	"191498"	"sintagmi"	""
"V005"	"192478"	"192906"	"frasi"	""
"V005"	"193398"	"193495"	"frasi"	""
"V005"	"196533"	"196561"	"parole"	""
"V005"	"204051"	"204148"	"misto"	""
"V005"	"214915"	"215042"	"sintagmi"	""
"V005"	"215479"	"215589"	"frasi"	""
"V005"	"217020"	"217140"	"sintagmi"	""
"V005"	"218522"	"218588"	"parole"	""
"V005"	"220200"	"220286"	"parole"	""
"V005"	"220533"	"220563"	"parole"	""
"V005"	"226899"	"227246"	"frasi"	""
"V005"	"229969"	"230077"	"misto"	""
"V005"	"230224"	"230319"	"frasi"	""
"V005"	"234196"	"234549"	"frasi"	""
"V005"	"236822"	"236917"	"sintagmi"	""
"V005"	"239171"	"239243"	"parole"	""
"V005"	"239592"	"239753"	"frasi"	""
"V005"	"240917"	"241169"	"frasi"	""
"V005"	"244177"	"244264"	"misto"	""
"V005"	"263147"	"263194"	"parole"	""
"V005"	"265407"	"265548"	"sintagmi"	""
"V005"	"266606"	"266658"	"parole"	""
"V005"	"267121"	"267187"	"parole"	""
"V005"	"273547"	"273641"	"sintagmi"	""
"V005"	"280540"	"280716"	"frasi"	""
"V005"	"289347"	"289579"	"frasi"	""
"V005"	"293634"	"293865"	"sintagmi"	""
"V005"	"297731"	"297812"	"frasi"	""
"V005"	"300435"	"300483"	"parole"	""
"V005"	"301106"	"301210"	"frasi"	""
"V005"	"303453"	"303876"	"misto"	""
"V005"	"307954"	"308042"	"frasi"	""
"V005"	"308769"	"308845"	"parole"	""
"V005"	"310054"	"310116"	"parole"	""
"V005"	"311536"	"311626"	"frasi"	""
"V005"	"316203"	"316520"	"frasi"	""
"V005"	"321182"	"321595"	"frasi"	""
"V005"	"327509"	"327578"	"frasi"	""
"V005"	"331277"	"331510"	"frasi"	""
"V005"	"331809"	"332152"	"frasi"	""
"V005"	"333796"	"333874"	"frasi"	""
"V005"	"335696"	"335802"	"frasi"	""
"V005"	"341467"	"341584"	"frasi"	""
"V005"	"342440"	"342829"	"frasi"	""
"V005"	"345685"	"345769"	"parole"	""
"V005"	"345901"	"345939"	"parole"	""
"V005"	"346528"	"346616"	"parole"	""
"V005"	"354681"	"354732"	"parole"	""
"V005"	"358044"	"358248"	"sintagmi"	""
"V005"	"363396"	"363501"	"parole"	""
"V005"	"364252"	"364370"	"sintagmi"	""
"V005"	"368511"	"368686"	"sintagmi"	""
"V005"	"369983"	"370091"	"parole"	""
"V005"	"370604"	"370919"	"misto"	""
"V005"	"371199"	"371531"	"misto"	""
"V005"	"372884"	"373438"	"misto"	""
"V005"	"375527"	"375901"	"frasi"	""
"V005"	"376351"	"376470"	"parole"	""
"V005"	"376716"	"376780"	"parole"	""
"V005"	"377679"	"377718"	"parole"	""
"V005"	"379555"	"379601"	"parole"	""
"V005"	"380297"	"380379"	"sintagmi"	""
"V005"	"382807"	"382875"	"misto"	""
"V005"	"383389"	"383460"	"parole"	""
"V005"	"384683"	"384790"	"misto"	""
"V005"	"388947"	"389239"	"frasi"	""
"V005"	"389933"	"390006"	"parole"	""
"V005"	"390731"	"390766"	"parole"	""
"V005"	"393749"	"393911"	"misto"	""
"V005"	"400213"	"400357"	"sintagmi"	""
"V005"	"401491"	"401644"	"sintagmi"	""
"V005"	"402231"	"402443"	"sintagmi"	""
"V005"	"402995"	"403767"	"misto"	""
"V005"	"403870"	"404131"	"misto"	""
"V005"	"404959"	"405021"	"misto"	""
"V005"	"405289"	"406028"	"misto"	""
"V005"	"408783"	"408900"	"sintagmi"	""
"V005"	"413033"	"413117"	"frasi"	""
"V005"	"413502"	"413574"	"sintagmi"	""
"V005"	"415549"	"415593"	"parole"	""
"V005"	"415767"	"415871"	"sintagmi"	""
"V005"	"416036"	"416078"	"parole"	""
"V005"	"416363"	"416432"	"parole"	""
"V005"	"416438"	"416806"	"misto"	""
"V008"	"1353"	"1451"	"sintagmi"	""
"V008"	"3767"	"3911"	"sintagmi"	""
"V008"	"7448"	"7763"	"frasi"	""
"V008"	"9352"	"9548"	"frasi"	""
"V008"	"10471"	"10601"	"frasi"	""
"V008"	"11540"	"11613"	"sintagmi"	""
"V008"	"11963"	"12391"	"sintagmi"	""
"V008"	"16419"	"16505"	"sintagmi"	""
"V008"	"20959"	"21134"	"misto"	""
"V008"	"21226"	"21929"	"misto"	""
"V008"	"23871"	"23959"	"frasi"	""
"V008"	"26784"	"26812"	"parole"	""
"V008"	"30434"	"30650"	"frasi"	""
"V008"	"31435"	"31569"	"sintagmi"	""
"V008"	"34174"	"34369"	"frasi"	""
"V008"	"35264"	"35327"	"parole"	""
"V008"	"36852"	"37024"	"parole"	""
"V008"	"37765"	"37976"	"sintagmi"	""
"V008"	"38489"	"38640"	"frasi"	""
"V008"	"41625"	"42030"	"misto"	""
"V008"	"42328"	"42486"	"frasi"	""
"V008"	"43508"	"43545"	"parole"	""
"V008"	"44277"	"44484"	"sintagmi"	""
"V008"	"45226"	"45410"	"parole"	""
"V008"	"46301"	"46686"	"sintagmi"	""
"V008"	"47569"	"47783"	"frasi"	""
"V008"	"49114"	"49165"	"parole"	""
"V008"	"49798"	"49868"	"parole"	""
"V008"	"61918"	"62148"	"sintagmi"	""
"V008"	"64436"	"64708"	"frasi"	""
"V008"	"65674"	"65852"	"misto"	""
"V008"	"66775"	"66913"	"frasi"	""
"V008"	"68437"	"68602"	"sintagmi"	""
"V008"	"69545"	"69909"	"misto"	""
"V008"	"71842"	"71951"	"sintagmi"	""
"V008"	"73583"	"73623"	"parole"	""
"V008"	"75230"	"75334"	"misto"	""
"V008"	"79257"	"79305"	"parole"	""
"V008"	"81025"	"81141"	"frasi"	""
"V008"	"81988"	"82024"	"misto"	""
"V008"	"82864"	"82986"	"sintagmi"	""
"V008"	"83763"	"83851"	"sintagmi"	""
"V008"	"85577"	"85631"	"parole"	""
"V008"	"86842"	"86933"	"sintagmi"	""
"V008"	"88641"	"88834"	"frasi"	""
"V008"	"91220"	"91347"	"frasi"	""
"V008"	"91453"	"91627"	"frasi"	""
"V008"	"91711"	"91942"	"frasi"	""
"V008"	"94903"	"94979"	"frasi"	""
"V008"	"95533"	"95560"	"parole"	""
"V008"	"97352"	"97416"	"sintagmi"	""
"V008"	"97743"	"97941"	"frasi"	""
"V008"	"99364"	"99614"	"frasi"	""
"V008"	"100513"	"100551"	"parole"	""
"V008"	"101025"	"101186"	"parole"	""
"V008"	"101376"	"101502"	"sintagmi"	""
"V008"	"101916"	"102002"	"sintagmi"	""
"V008"	"102070"	"102179"	"frasi"	""
"V008"	"102812"	"102940"	"parole"	""
"V008"	"103180"	"103634"	"frasi"	""
"V008"	"112098"	"112367"	"frasi"	""
"V008"	"118276"	"118469"	"frasi"	""
"V008"	"119532"	"119946"	"frasi"	""
"V008"	"121339"	"121457"	"sintagmi"	""
"V008"	"121873"	"121916"	"parole"	""
"V008"	"122444"	"122598"	"frasi"	""
"V008"	"123072"	"123360"	"misto"	""
"V008"	"124841"	"125087"	"frasi"	""
"V008"	"125201"	"125551"	"frasi"	""
"V008"	"125829"	"125899"	"frasi"	""
"V008"	"127202"	"127416"	"misto"	""
"V008"	"131859"	"131984"	"sintagmi"	""
"V008"	"133755"	"133942"	"frasi"	""
"V008"	"141504"	"141582"	"misto"	""
"V008"	"143985"	"144035"	"parole"	""
"V008"	"145500"	"146151"	"frasi"	""
"V008"	"146800"	"146863"	"parole"	""
"V008"	"149360"	"149517"	"frasi"	""
"V008"	"149744"	"149787"	"parole"	""
"V008"	"150584"	"150798"	"sintagmi"	""
"V008"	"151783"	"152298"	"frasi"	""
"V008"	"152299"	"152638"	"frasi"	""
"V008"	"152810"	"153416"	"frasi"	""
"V008"	"155099"	"155165"	"parole"	""
"V008"	"159385"	"160005"	"frasi"	""
"V008"	"163771"	"163918"	"sintagmi"	""
"V008"	"166333"	"166451"	"frasi"	""
"V008"	"166573"	"166787"	"frasi"	""
"V008"	"168796"	"168873"	"frasi"	""
"V008"	"170386"	"170441"	"sintagmi"	""
"V008"	"171610"	"171651"	"parole"	""
"V008"	"172165"	"172243"	"sintagmi"	""
"V008"	"173569"	"173620"	"parole"	""
"V008"	"176845"	"177056"	"misto"	""
"V008"	"182600"	"182811"	"misto"	""
"V008"	"183420"	"183523"	"parole"	""
"V008"	"184702"	"184846"	"frasi"	""
"V008"	"185676"	"185741"	"frasi"	""
"V008"	"186217"	"186416"	"sintagmi"	""
"V008"	"189734"	"189839"	"frasi"	""
"V008"	"192069"	"192107"	"sintagmi"	""
"V008"	"195579"	"195683"	"parole"	""
"V008"	"196574"	"196642"	"sintagmi"	""
"V009"	"4569"	"4684"	"parole"	""
"V009"	"6175"	"6220"	"parole"	""
"V009"	"6436"	"6502"	"sintagmi"	""
"V009"	"7656"	"7948"	"misto"	""
"V009"	"11864"	"11995"	"sintagmi"	""
"V009"	"12278"	"12349"	"parole"	""
"V009"	"13478"	"13575"	"sintagmi"	""
"V009"	"14269"	"14305"	"parole"	""
"V009"	"23533"	"23671"	"misto"	""
"V009"	"26295"	"27325"	"frasi"	""
"V009"	"27809"	"27910"	"frasi"	""
"V009"	"28150"	"28740"	"frasi"	""
"V009"	"29613"	"29777"	"frasi"	""
"V009"	"31292"	"31481"	"sintagmi"	""
"V009"	"43123"	"43694"	"sintagmi"	""
"V009"	"45202"	"45328"	"sintagmi"	""
"V009"	"48140"	"48358"	"sintagmi"	""
"V009"	"49516"	"49561"	"parole"	""
"V009"	"55535"	"56145"	"frasi"	""
"V009"	"56736"	"56950"	"frasi"	""
"V009"	"57623"	"58162"	"frasi"	""
"V009"	"58308"	"58500"	"parole"	""
"V009"	"59606"	"59874"	"sintagmi"	""
"V009"	"62907"	"63059"	"sintagmi"	""
"V009"	"64297"	"64341"	"parole"	""
"V009"	"66925"	"67117"	"frasi"	""
"V009"	"67539"	"67600"	"parole"	""
"V009"	"78706"	"78804"	"misto"	""
"V009"	"80114"	"80188"	"frasi"	""
"V009"	"82663"	"83027"	"frasi"	""
"V009"	"87389"	"87465"	"frasi"	""
"V009"	"89324"	"89380"	"parole"	""
"V009"	"90915"	"90979"	"parole"	""
"V009"	"93481"	"93768"	"sintagmi"	""
"V009"	"96563"	"96642"	"sintagmi"	""
"V009"	"96981"	"97088"	"sintagmi"	""
"V009"	"101305"	"101621"	"frasi"	""
"V009"	"104049"	"104134"	"frasi"	""
"V009"	"107718"	"107999"	"frasi"	""
"V009"	"109831"	"110178"	"sintagmi"	""
"V009"	"113196"	"113330"	"misto"	""
"V009"	"114765"	"114930"	"sintagmi"	""
"V009"	"115190"	"115250"	"parole"	""
"V009"	"115824"	"116045"	"frasi"	""
"V009"	"118273"	"118434"	"frasi"	""
"V009"	"119191"	"119428"	"frasi"	""
"V009"	"120099"	"120287"	"frasi"	""
"V009"	"120802"	"121179"	"frasi"	""
"V016"	"427"	"496"	"parole"	""
"V016"	"4551"	"4578"	"parole"	""
"V016"	"4711"	"4737"	"parole"	""
"V016"	"16458"	"16612"	"sintagmi"	""
"V016"	"18677"	"18749"	"parole"	""
"V016"	"21766"	"22054"	"misto"	""
"V016"	"30521"	"30564"	"parole"	""
"V016"	"31477"	"31534"	"parole"	""
"V016"	"35286"	"35704"	"frasi"	""
"V016"	"36350"	"36589"	"sintagmi"	""
"V016"	"39120"	"39171"	"frasi"	""
"V016"	"41389"	"41507"	"sintagmi"	""
"V016"	"41563"	"41706"	"misto"	""
"V016"	"43069"	"43172"	"frasi"	""
"V016"	"47230"	"47273"	"parole"	""
"V016"	"47521"	"47769"	"sintagmi"	""
"V016"	"48552"	"48789"	"frasi"	""
"V016"	"49342"	"49412"	"misto"	""
"V016"	"49903"	"49944"	"parole"	""
"V016"	"51143"	"51489"	"misto"	""
"V016"	"52368"	"52390"	"parole"	""
"V016"	"56493"	"56531"	"parole"	""
"V016"	"58087"	"58163"	"parole"	""
"V016"	"58165"	"58190"	"parole"	""
"V016"	"59363"	"59488"	"sintagmi"	""
"V018"	"1957"	"2119"	"sintagmi"	""
"V018"	"2716"	"3004"	"frasi"	""
"V018"	"3430"	"3706"	"misto"	""
"V018"	"3885"	"3934"	"parole"	""
"V018"	"4165"	"4395"	"frasi"	""
"V018"	"5196"	"5945"	"sintagmi"	""
"V018"	"6192"	"6341"	"sintagmi"	""
"V018"	"6379"	"6418"	"parole"	""
"V018"	"6658"	"6710"	"parole"	""
"V018"	"8410"	"8532"	"frasi"	""
"V018"	"8563"	"8589"	"parole"	""
"V018"	"8639"	"8674"	"parole"	""
"V018"	"9281"	"9348"	"parole"	""
"V018"	"9468"	"9612"	"frasi"	""
"V018"	"10994"	"11248"	"sintagmi"	""
"V018"	"11392"	"11521"	"misto"	""
"V018"	"12546"	"12774"	"sintagmi"	""
"V018"	"15486"	"15867"	"sintagmi"	""
"V018"	"16229"	"16269"	"parole"	""
"V018"	"17001"	"17128"	"misto"	""
"V018"	"17765"	"17912"	"sintagmi"	""
"V018"	"20462"	"20557"	"sintagmi"	""
"V018"	"21299"	"21406"	"frasi"	""
"V018"	"26459"	"26512"	"parole"	""
"V018"	"26795"	"26902"	"misto"	""
"V018"	"27168"	"27279"	"frasi"	""
"V018"	"27964"	"28271"	"misto"	""
"V018"	"30311"	"30381"	"parole"	""
"V018"	"30426"	"30493"	"parole"	""
"V018"	"31887"	"31983"	"frasi"	""
"V018"	"32097"	"32209"	"sintagmi"	""
"V018"	"32529"	"32570"	"parole"	""
"V018"	"35280"	"35401"	"frasi"	""
"V018"	"40303"	"40340"	"parole"	""
"V018"	"40899"	"41099"	"frasi"	""
"V018"	"41119"	"41233"	"sintagmi"	""
"V018"	"42009"	"42106"	"parole"	""
"V018"	"42233"	"42562"	"misto"	""
"V018"	"42793"	"42908"	"misto"	""
"V018"	"43088"	"43123"	"parole"	""
"V018"	"43437"	"43502"	"parole"	""
"V018"	"45399"	"46300"	"frasi"	""
"V018"	"50609"	"50679"	"parole"	""
"V018"	"50774"	"50848"	"misto"	""
"V018"	"50985"	"51214"	"sintagmi"	""
"V018"	"51271"	"51345"	"parole"	""
"V018"	"51596"	"51781"	"frasi"	""
"V018"	"52537"	"52639"	"misto"	""
"V018"	"54183"	"54237"	"parole"	""
"V018"	"54997"	"55123"	"sintagmi"	""
"V018"	"57400"	"57467"	"parole"	""
"V018"	"58122"	"58253"	"sintagmi"	""
"V018"	"58833"	"59025"	"sintagmi"	""
"V018"	"59125"	"59338"	"sintagmi"	""
"V018"	"60641"	"60902"	"sintagmi"	""
"V018"	"61192"	"61230"	"parole"	""
"V018"	"61265"	"61309"	"parole"	""
"V018"	"64032"	"64225"	"frasi"	""
"V018"	"65129"	"65185"	"parole"	""
"V018"	"68356"	"68720"	"misto"	""
"V018"	"71689"	"71745"	"misto"	""
"V018"	"72419"	"72701"	"frasi"	""
"V018"	"72912"	"73146"	"frasi"	""
"V018"	"73284"	"73370"	"sintagmi"	""
"V018"	"73423"	"73503"	"misto"	""
"V018"	"73550"	"73615"	"parole"	""
"V018"	"74321"	"74436"	"sintagmi"	""
"V018"	"75260"	"75421"	"sintagmi"	""
"V018"	"75544"	"75579"	"parole"	""
"V018"	"75904"	"76196"	"frasi"	""
"V018"	"76259"	"76344"	"sintagmi"	""
"V018"	"76580"	"76615"	"parole"	""
"V018"	"79429"	"79475"	"parole"	""
"V018"	"81561"	"81650"	"misto"	""
"V018"	"86134"	"86343"	"sintagmi"	""
"V018"	"87839"	"87897"	"misto"	""
"V018"	"88139"	"88404"	"frasi"	""
"V018"	"91533"	"91620"	"parole"	""
"V018"	"94071"	"94171"	"sintagmi"	""
"V018"	"94803"	"95021"	"sintagmi"	""
"V018"	"95451"	"95648"	"sintagmi"	""
"V018"	"96000"	"96267"	"frasi"	""
"V018"	"96403"	"96574"	"misto"	""
"V018"	"97660"	"97716"	"parole"	""
"V018"	"99275"	"99380"	"sintagmi"	""
"V018"	"99928"	"99968"	"parole"	""
"V018"	"100014"	"100203"	"misto"	""
"V018"	"100859"	"100916"	"parole"	""
"V018"	"102119"	"102225"	"sintagmi"	""
"V018"	"102942"	"103036"	"sintagmi"	""
"V018"	"103757"	"103960"	"sintagmi"	""
"V018"	"104722"	"104874"	"frasi"	""
"V018"	"104980"	"105121"	"sintagmi"	""
"V018"	"106451"	"106670"	"frasi"	""
"V018"	"107194"	"107372"	"sintagmi"	""
"V018"	"109608"	"109753"	"misto"	""
"V018"	"110311"	"110359"	"parole"	""
"V018"	"112686"	"112798"	"sintagmi"	""
"V018"	"112955"	"113003"	"parole"	""
"V018"	"114473"	"114673"	"sintagmi"	""
"V018"	"115161"	"115360"	"frasi"	""
"V018"	"115939"	"116204"	"frasi"	""
"V018"	"116483"	"116510"	"parole"	""
"V018"	"117898"	"118114"	"frasi"	""
"V018"	"120149"	"120193"	"parole"	""
"V018"	"120226"	"120285"	"misto"	""
"V018"	"120941"	"121005"	"misto"	""
"V018"	"123506"	"124008"	"frasi"	""
"V018"	"124475"	"124522"	"parole"	""
"V018"	"125191"	"125395"	"sintagmi"	""
"V018"	"125955"	"126067"	"frasi"	""
"V018"	"127030"	"127084"	"misto"	""
"V018"	"127652"	"127839"	"frasi"	""
"V018"	"129652"	"129692"	"parole"	""
"V018"	"130561"	"130867"	"misto"	""
"V018"	"131200"	"131365"	"sintagmi"	""
"V018"	"131983"	"132031"	"misto"	""
"V018"	"137732"	"137855"	"sintagmi"	""
"V018"	"138064"	"138143"	"misto"	""
"V018"	"138700"	"138884"	"frasi"	""
"V018"	"141469"	"141569"	"parole"	""
"V018"	"142111"	"142160"	"parole"	""
"V018"	"144917"	"145007"	"parole"	""
"V018"	"146039"	"146087"	"parole"	""
"V021"	"166"	"284"	"frasi"	""
"V021"	"354"	"665"	"frasi"	""
"V021"	"731"	"773"	"parole"	""
"V021"	"826"	"978"	"sintagmi"	""
"V021"	"1713"	"1870"	"sintagmi"	""
"V021"	"2894"	"2990"	"parole"	""
"V021"	"4080"	"5552"	"sintagmi"	""
"V021"	"8385"	"8543"	"frasi"	""
"V021"	"8632"	"8896"	"frasi"	""
"V021"	"9020"	"9351"	"frasi"	""
"V021"	"10176"	"10339"	"sintagmi"	""
"V021"	"13290"	"13465"	"frasi"	""
"V021"	"17325"	"17838"	"frasi"	""
"V021"	"23115"	"23154"	"parole"	""
"V021"	"28282"	"28459"	"frasi"	""
"V021"	"33658"	"33901"	"frasi"	""
"V021"	"35490"	"35654"	"frasi"	""
"V021"	"36297"	"36365"	"frasi"	""
"V021"	"38718"	"38811"	"frasi"	""
"V021"	"41048"	"41743"	"sintagmi"	""
"V021"	"41762"	"42183"	"sintagmi"	""
"V021"	"46992"	"47201"	"frasi"	""
"V021"	"48757"	"48812"	"sintagmi"	""
"V021"	"52104"	"52159"	"parole"	""
"V021"	"52302"	"52412"	"frasi"	""
"V021"	"52799"	"52859"	"sintagmi"	""
"V021"	"54373"	"54503"	"frasi"	""
"V021"	"55698"	"55790"	"sintagmi"	""
"V021"	"56426"	"56514"	"sintagmi"	""
"V021"	"57606"	"57685"	"frasi"	""
"V021"	"67237"	"67284"	"parole"	""
"V021"	"77089"	"77233"	"sintagmi"	""
"V021"	"77504"	"77730"	"frasi"	""
"V021"	"92314"	"92640"	"frasi"	""
"V021"	"94887"	"95145"	"frasi"	""
"V021"	"96998"	"97106"	"sintagmi"	""
"V021"	"99760"	"99867"	"sintagmi"	""
"V021"	"106573"	"106970"	"frasi"	""
"V021"	"109305"	"109451"	"sintagmi"	""
"V021"	"111955"	"112366"	"frasi"	""
"V021"	"112735"	"112978"	"frasi"	""
"V021"	"114301"	"114749"	"frasi"	""
"V021"	"116959"	"117315"	"frasi"	""
"V021"	"122240"	"122297"	"parole"	""
"V021"	"122357"	"122406"	"parole"	""
"V021"	"123069"	"123220"	"sintagmi"	""
"V021"	"128217"	"128456"	"sintagmi"	""
"V021"	"135069"	"135763"	"sintagmi"	""
"V021"	"136015"	"136347"	"frasi"	""
"V021"	"143830"	"143889"	"misto"	""
"V021"	"146832"	"147099"	"frasi"	""
"V021"	"148805"	"148862"	"parole"	""
"V021"	"149020"	"149309"	"sintagmi"	""
"V021"	"152819"	"153290"	"frasi"	""
"V021"	"153448"	"153486"	"parole"	""
"V021"	"153550"	"153725"	"sintagmi"	""
"V021"	"158358"	"159576"	"frasi"	""
"V021"	"159702"	"159808"	"frasi"	""
"V021"	"167940"	"168020"	"sintagmi"	""
"V021"	"173218"	"173288"	"parole"	""
"V021"	"175125"	"175284"	"sintagmi"	""
"V021"	"179261"	"179387"	"sintagmi"	""
"V021"	"179569"	"179702"	"parole"	""
"V021"	"180403"	"180451"	"parole"	""
"V021"	"181643"	"181808"	"sintagmi"	""
"V021"	"183009"	"183280"	"sintagmi"	""
"V021"	"193862"	"194000"	"misto"	""
"V021"	"195525"	"195581"	"misto"	""
"V021"	"198479"	"198547"	"misto"	""
"V021"	"202163"	"202280"	"sintagmi"	""
"V021"	"209026"	"209257"	"misto"	""
"V021"	"209761"	"209914"	"frasi"	""
"V021"	"217703"	"218127"	"frasi"	""
"V021"	"230285"	"230402"	"misto"	""
"V021"	"234823"	"234916"	"misto"	""
"V021"	"237451"	"237625"	"frasi"	""
"V021"	"241411"	"241552"	"frasi"	""
"V021"	"243263"	"243305"	"parole"	""
"V021"	"243403"	"243563"	"frasi"	""
"V021"	"244697"	"244813"	"sintagmi"	""
"V021"	"244813"	"244975"	"frasi"	""
"V021"	"245673"	"245738"	"parole"	""
"V021"	"246201"	"246245"	"frasi"	""
"V021"	"247815"	"248627"	"frasi"	""
"V021"	"250232"	"250285"	"parole"	""
"V021"	"251497"	"251554"	"parole"	""
"V021"	"255435"	"255568"	"frasi"	""
"V021"	"256331"	"256653"	"frasi"	""
"V021"	"258387"	"258475"	"misto"	""
"V021"	"259758"	"260129"	"frasi"	""
"V021"	"264037"	"264116"	"parole"	""
"V021"	"267049"	"267394"	"frasi"	""
"V021"	"269193"	"269708"	"frasi"	""
"V021"	"270580"	"270657"	"misto"	""
"V021"	"270943"	"271095"	"sintagmi"	""
"V021"	"271143"	"271203"	"parole"	""
"V021"	"271409"	"272275"	"frasi"	""
"V021"	"272930"	"273143"	"frasi"	""
"V021"	"278545"	"278621"	"parole"	""
"V021"	"284941"	"285492"	"sintagmi"	""
"V021"	"285778"	"285849"	"sintagmi"	""
"V021"	"294594"	"294784"	"sintagmi"	""
"V021"	"295720"	"296026"	"sintagmi"	""
"V021"	"297407"	"297583"	"sintagmi"	""
"V021"	"299447"	"299605"	"sintagmi"	""
"V021"	"299812"	"299903"	"sintagmi"	""
"V021"	"300436"	"300529"	"sintagmi"	""
"V021"	"303654"	"304358"	"frasi"	""
"V021"	"306143"	"308005"	"frasi"	""
"V021"	"309561"	"310087"	"frasi"	""
"V021"	"310971"	"311187"	"frasi"	""
"V021"	"311189"	"312561"	"frasi"	""
"V021"	"319407"	"319464"	"parole"	""
"V021"	"321438"	"321541"	"misto"	""
"V021"	"328772"	"328896"	"parole"	""
"V021"	"328936"	"329060"	"parole"	""
"V021"	"329469"	"329626"	"parole"	""
"V021"	"329926"	"330281"	"parole"	""
"V021"	"330303"	"330425"	"sintagmi"	""
"V021"	"330506"	"330672"	"parole"	""
"V021"	"330803"	"331124"	"parole"	""
"V021"	"331170"	"331292"	"sintagmi"	""
"V021"	"331375"	"331549"	"parole"	""
"V021"	"363038"	"363165"	"frasi"	""
"V021"	"367414"	"367645"	"frasi"	""
"V021"	"370726"	"370902"	"frasi"	""
"V021"	"373156"	"373252"	"sintagmi"	""
"V021"	"379926"	"379964"	"parole"	""
"V021"	"381505"	"381625"	"frasi"	""
"V021"	"386282"	"386481"	"sintagmi"	""
"V021"	"386618"	"386881"	"frasi"	""
"V021"	"387070"	"388146"	"frasi"	""
"V021"	"389852"	"389907"	"parole"	""
"V021"	"392139"	"392359"	"frasi"	""
"V021"	"394153"	"394189"	"frasi"	""
"V021"	"395179"	"395263"	"sintagmi"	""
"V021"	"402196"	"402268"	"frasi"	""
"V021"	"407149"	"407250"	"misto"	""
"V021"	"407711"	"407882"	"frasi"	""
"V021"	"408076"	"408204"	"frasi"	""
"V021"	"408239"	"408318"	"frasi"	""
"V021"	"408321"	"408430"	"frasi"	""
"V021"	"412555"	"412606"	"parole"	""
"V021"	"412625"	"412679"	"parole"	""
"V021"	"414341"	"415055"	"sintagmi"	""
"V021"	"417635"	"417695"	"parole"	""
"V021"	"418816"	"418928"	"sintagmi"	""
"V021"	"422032"	"422072"	"parole"	""
"V021"	"426843"	"427018"	"frasi"	""
"V021"	"430614"	"430668"	"parole"	""
"V021"	"432390"	"432661"	"frasi"	""
"V021"	"434729"	"434828"	"parole"	""
"V021"	"434838"	"434950"	"parole"	""
"V021"	"435671"	"435796"	"parole"	""
"V021"	"436210"	"436253"	"parole"	""
"V021"	"436314"	"436512"	"misto"	""
"V021"	"436915"	"436978"	"parole"	""
"V021"	"438358"	"438575"	"sintagmi"	""
"V021"	"440172"	"440555"	"frasi"	""
"V021"	"446561"	"446954"	"frasi"	""
"V021"	"447974"	"448061"	"parole"	""
"V021"	"448859"	"448966"	"sintagmi"	""
"V021"	"451611"	"451692"	"parole"	""
"V021"	"454326"	"454792"	"frasi"	""
"V021"	"456158"	"456321"	"frasi"	""
"V021"	"458111"	"458189"	"frasi"	""
