"gravity_x","gravity_y","id","label","part_of","source","year","category"
1,4,"L00000","strapiombo","","S001",1943,"generico_terrestre"
1,4,"L00001","piazza","","S001",1943,"generico_terrestre"
1,4,"L00002","bar","","S001",1943,"generico_terrestre"
1,4,"L00003","casa","","S002",1943,"generico_terrestre"
1,4,"L00004","prato","","S003",1943,"generico_terrestre"
3,4,"L00005","caserma","","S004",1945,"generico_terrestre"
3,4,"L00006","alberghetto","","S004",1945,"generico_terrestre"
3,4,"L00007","paese","","S004",1945,"generico_terrestre"
3,4,"L00008","collina","","S004",1945,"generico_terrestre"
4,4,"L00009","bosco","","S005",1946,"generico_terrestre"
4,4,"L00010","radura","","S005",1946,"generico_terrestre"
4,4,"L00011","brughiera","","S005",1946,"generico_terrestre"
4,4,"L00012","vallata","","S006",1946,"generico_terrestre"
4,4,"L00013","stalla","","S006",1946,"generico_terrestre"
4,3,"L00014","Colla Bracca","","S007",1946,"nominato_terrestre"
4,3,"L00015","San Faustino","","S007",1946,"nominato_terrestre"
4,3,"L00016","Perallo","","S007",1946,"nominato_terrestre"
4,3,"L00017","Creppo","","S007",1946,"nominato_terrestre"
4,3,"L00018","Castagna","","S007",1946,"nominato_terrestre"
4,4,"L00019","vallate","","S007",1946,"generico_terrestre"
4,3,"L00020","Tumena (Val)","","S007",1946,"nominato_terrestre"
4,4,"L00021","bosco","","S007",1946,"generico_terrestre"
4,4,"L00022","impalcature (casa in costruzione)","","S008",1946,"generico_terrestre"
4,4,"L00023","campagna","","S008",1946,"generico_terrestre"
4,4,"L00024","vallata","","S008",1946,"generico_terrestre"
4,4,"L00025","periferia","","S008",1946,"generico_terrestre"
4,4,"L00026","pista da ballo","","S008",1946,"generico_terrestre"
4,4,"L00027","giardinetti","","S008",1946,"generico_terrestre"
4,3,"L00028","Colla Bella","","S009",1946,"nominato_terrestre"
4,4,"L00029","montagna","","S010",1946,"generico_terrestre"
4,4,"L00030","passo (di montagna)","","S010",1946,"generico_terrestre"
4,4,"L00031","vallone","","S010",1946,"generico_terrestre"
4,4,"L00032","casa","","S011",1946,"generico_terrestre"
4,4,"L00033","mulattiera","","S011",1946,"generico_terrestre"
4,4,"L00034","osteria","","S011",1946,"generico_terrestre"
4,4,"L00035","campo","","S011",1946,"generico_terrestre"
4,3,"L00036","chiesa S. Cosimo e Damiano","","S011",1946,"nominato_terrestre"
4,4,"L00037","mare","","S012",1946,"generico_terrestre"
4,3,"L00038","Sette Pennelli","","S012",1946,"nominato_terrestre"
4,4,"L00039","casone","","S013",1946,"generico_terrestre"
5,4,"L00040","frutteto","","S014",1947,"generico_terrestre"
5,3,"L00041","Paraggio","","S014",1947,"nominato_terrestre"
5,4,"L00042","casolare","","S014",1947,"generico_terrestre"
5,4,"L00043","mulattiera","","S014",1947,"generico_terrestre"
5,4,"L00044","campagna","","S014",1947,"generico_terrestre"
5,4,"L00045","casa","","S014",1947,"generico_terrestre"
5,4,"L00046","via","","S015",1947,"generico_terrestre"
5,4,"L00047","crocicchio","","S015",1947,"generico_terrestre"
5,4,"L00048","strada","","S015",1947,"generico_terrestre"
5,4,"L00049","piazza","","S015",1947,"generico_terrestre"
5,4,"L00050","città","","S015",1947,"generico_terrestre"
5,4,"L00051","(corso d') acqua","","S016",1947,"generico_terrestre"
5,4,"L00052","valle","","S016",1947,"generico_terrestre"
5,4,"L00053","baita","","S016",1947,"generico_terrestre"
5,4,"L00054","prati","","S016",1947,"generico_terrestre"
5,4,"L00055","strada","","S016",1947,"generico_terrestre"
5,4,"L00056","bosco","","S016",1947,"generico_terrestre"
5,4,"L00057","valletta","","S016",1947,"generico_terrestre"
5,4,"L00058","radura","","S016",1947,"generico_terrestre"
5,4,"L00059","città","L00061","S017",1947,"generico_terrestre"
5,4,"L00060","mensa","L00061","S017",1947,"generico_terrestre"
5,3,"L00061","Torino","","S017",1947,"nominato_terrestre"
5,4,"L00062","vigna","","S018",1947,"generico_terrestre"
5,4,"L00063","vallata","","S018",1947,"generico_terrestre"
5,4,"L00064","fascia","","S018",1947,"generico_terrestre"
5,4,"L00065","celle (caserma)","","S019",1947,"generico_terrestre"
5,4,"L00066","accampamento","","S019",1947,"generico_terrestre"
5,4,"L00067","villette","","S019",1947,"generico_terrestre"
5,4,"L00068","montagna","","S019",1947,"generico_terrestre"
5,4,"L00069","valle","","S019",1947,"generico_terrestre"
5,3,"L00070","Val Bévera","","S020",1947,"nominato_terrestre"
5,4,"L00071","strada","L00070","S020",1947,"generico_terrestre"
5,4,"L00072","mulattiera","L00070","S020",1947,"generico_terrestre"
5,3,"L00073","Bévera","","S020",1947,"nominato_terrestre"
5,4,"L00074","via","","S021",1947,"generico_terrestre"
5,4,"L00075","cortile","","S021",1947,"generico_terrestre"
5,4,"L00076","retrobottega","","S021",1947,"generico_terrestre"
5,4,"L00077","negozio","","S021",1947,"generico_terrestre"
5,4,"L00078","pasticceria","","S021",1947,"generico_terrestre"
5,3,"L00079","carrugi","L00084","S022",1947,"nominato_terrestre"
5,4,"L00080","acqua (mare)","","S022",1947,"generico_terrestre"
5,4,"L00081","bastimento","","S022",1947,"generico_terrestre"
5,3,"L00082","porto","L00084","S022",1947,"nominato_terrestre"
5,4,"L00083","mare","","S022",1947,"generico_terrestre"
5,3,"L00084","Sanremo","","S022",1947,"nominato_terrestre"
5,4,"L00085","bottega","L00094","V001",1947,"generico_terrestre"
5,4,"L00086","carrugio","L00094","V001",1947,"generico_terrestre"
5,4,"L00087","osteria","L00094","V001",1947,"generico_terrestre"
5,4,"L00088","vicoli","L00094","V001",1947,"generico_terrestre"
5,4,"L00089","camera","L00094","V001",1947,"generico_terrestre"
5,4,"L00090","stradine","L00091","V001",1947,"generico_terrestre"
5,4,"L00091","vallata","","V001",1947,"generico_terrestre"
5,4,"L00092","comando","L00094","V001",1947,"generico_terrestre"
5,4,"L00093","prigione","L00094","V001",1947,"generico_terrestre"
5,4,"L00094","città","","V001",1947,"generico_terrestre"
5,4,"L00095","campo","L00091","V001",1947,"generico_terrestre"
5,4,"L00096","beudo","L00091","V001",1947,"generico_terrestre"
5,4,"L00097","casolare","L00091","V001",1947,"generico_terrestre"
5,4,"L00098","accampamento","L00091","V001",1947,"generico_terrestre"
5,4,"L00099","fienile","L00091","V001",1947,"generico_terrestre"
5,4,"L00100","montagna","","V001",1947,"generico_terrestre"
5,4,"L00101","sentieri","L00100","V001",1947,"generico_terrestre"
5,4,"L00102","cucina","L00091","V001",1947,"generico_terrestre"
5,4,"L00103","prati","L00091","V001",1947,"generico_terrestre"
5,3,"L00104","passo della Mezzaluna","L00091","V001",1947,"nominato_terrestre"
5,4,"L00105","costruzione","L00091","V001",1947,"generico_terrestre"
5,4,"L00106","casa","L00091","V001",1947,"generico_terrestre"
5,4,"L00107","torrente","L00091","V001",1947,"generico_terrestre"
5,4,"L00108","carrugio","L00094","V001",1947,"generico_terrestre"
5,4,"L00109","vicolo","L00094","V001",1947,"generico_terrestre"
5,4,"L00110","campagna","L00091","V001",1947,"generico_terrestre"
6,4,"L00111","casa","","S023",1948,"generico_terrestre"
6,3,"L00112","caffè Imperia","","S023",1948,"nominato_terrestre"
6,4,"L00113","cinema","","S023",1948,"generico_terrestre"
6,4,"L00114","strada ferrata (ferrovia)","","S024",1948,"generico_terrestre"
6,4,"L00115","giardino","","S024",1948,"generico_terrestre"
6,4,"L00116","spiaggia","","S024",1948,"generico_terrestre"
6,4,"L00117","città","","S025",1948,"generico_terrestre"
6,4,"L00118","casa","","S025",1948,"generico_terrestre"
6,4,"L00119","Palazzo di Giustizia","","S025",1948,"generico_terrestre"
6,4,"L00120","cortile","","S025",1948,"generico_terrestre"
6,4,"L00121","bosco","","S026",1948,"generico_terrestre"
6,4,"L00122","paese","","S026",1948,"generico_terrestre"
6,4,"L00123","casa","","S026",1948,"generico_terrestre"
6,4,"L00124","fienile","","S026",1948,"generico_terrestre"
6,4,"L00125","biglietteria","L00128","S027",1948,"generico_terrestre"
6,4,"L00126","stazione ","L00128","S027",1948,"generico_terrestre"
6,4,"L00127","portici","L00128","S027",1948,"generico_terrestre"
6,3,"L00128","Torino","","S027",1948,"nominato_terrestre"
6,4,"L00129","strada litoranea","","S028",1948,"generico_terrestre"
6,4,"L00130","mare","","S028",1948,"generico_terrestre"
6,4,"L00131","ripa","","S028",1948,"generico_terrestre"
6,4,"L00132","città","L00135","S029",1948,"generico_terrestre"
6,4,"L00133","quartieri operai","L00135","S029",1948,"generico_terrestre"
6,4,"L00134","casa","L00135","S029",1948,"generico_terrestre"
6,3,"L00135","Torino","","S029",1948,"nominato_terrestre"
6,4,"L00136","sala (da pranzo)","","S030",1948,"generico_terrestre"
6,4,"L00137","casolare","","S030",1948,"generico_terrestre"
6,4,"L00138","piazza","","S031",1948,"generico_terrestre"
6,3,"L00139","Cittadella","","S031",1948,"nominato_terrestre"
6,5,"L00140","Sant'Alcide","","S032",1948,"inventato"
6,4,"L00141","stanzetta","","S032",1948,"generico_terrestre"
6,4,"L00142","balcone","","S032",1948,"generico_terrestre"
6,4,"L00143","sezione democristiana","","S032",1948,"generico_terrestre"
6,4,"L00144","fabbrica","","S032",1948,"generico_terrestre"
6,4,"L00145","fienile","","S032",1948,"generico_terrestre"
6,4,"L00146","villa","","S033",1948,"generico_terrestre"
6,4,"L00147","cittadina rivierasca","","S033",1948,"generico_terrestre"
6,5,"L00148","Case Vecchie ","L00147","S033",1948,"inventato"
6,5,"L00149","Osteria dell'Orecchia Mozzata","L00147","S033",1948,"inventato"
6,4,"L00150","casa","","S033",1948,"generico_terrestre"
6,4,"L00151","mare","","S033",1948,"generico_terrestre"
6,4,"L00152","riva","","S033",1948,"generico_terrestre"
6,3,"L00153","Deposito Franco","L00167","S034",1948,"nominato_terrestre"
6,3,"L00154","Bar La botte di Diogene","L00167","S034",1948,"nominato_terrestre"
6,4,"L00155","via","L00167","S034",1948,"generico_terrestre"
6,5,"L00156","Caffé Lamarmora","L00167","S034",1948,"inventato"
6,5,"L00157","Bar Parigi","L00167","S034",1948,"inventato"
6,5,"L00158","Giglio","L00167","S034",1948,"inventato"
6,4,"L00159","retrobottega","L00167","S034",1948,"generico_terrestre"
6,4,"L00160","cameretta","L00167","S034",1948,"generico_terrestre"
6,4,"L00161","piazza","L00167","S034",1948,"generico_terrestre"
6,5,"L00162","Iris (locale)","L00167","S034",1948,"inventato"
6,5,"L00163","Caffè dei viaggiatori","L00167","S034",1948,"inventato"
6,5,"L00164","Albergo Pace","L00167","S034",1948,"inventato"
6,4,"L00165","imbarco","L00167","S034",1948,"generico_terrestre"
6,4,"L00166","questura","L00167","S034",1948,"generico_terrestre"
6,3,"L00167","Sanremo","","S034",1948,"nominato_terrestre"
7,3,"L00168","Napoli","","S035",1949,"nominato_terrestre"
7,3,"L00169","via Toledo","L00168","S035",1949,"nominato_terrestre"
7,4,"L00170","marciapiede","L00174","S036",1949,"generico_terrestre"
7,4,"L00171","città","L00174","S036",1949,"generico_terrestre"
7,4,"L00172","vie","L00174","S036",1949,"generico_terrestre"
7,4,"L00173","crocevia","L00174","S036",1949,"generico_terrestre"
7,3,"L00174","Torino","","S036",1949,"nominato_terrestre"
7,4,"L00175","cucina","","S037",1949,"generico_terrestre"
7,4,"L00176","giardino","","S037",1949,"generico_terrestre"
7,4,"L00177","casa","","S038",1949,"generico_terrestre"
7,4,"L00178","campo","","S038",1949,"generico_terrestre"
7,4,"L00179","bosco","","S038",1949,"generico_terrestre"
7,4,"L00180","ripa","","S038",1949,"generico_terrestre"
7,4,"L00181","vallata","","S038",1949,"generico_terrestre"
7,4,"L00182","casa","L00193","S039",1949,"generico_terrestre"
7,4,"L00183","collina","L00193","S039",1949,"generico_terrestre"
7,4,"L00184","vallata","L00193","S039",1949,"generico_terrestre"
7,4,"L00185","bosco","L00193","S039",1949,"generico_terrestre"
7,3,"L00186","Bicocca","L00193","S039",1949,"nominato_terrestre"
7,4,"L00187","campi","L00193","S039",1949,"generico_terrestre"
7,4,"L00188","tana","L00193","S039",1949,"generico_terrestre"
7,4,"L00189","terreni","L00193","S039",1949,"generico_terrestre"
7,4,"L00190","accampamento","L00193","S039",1949,"generico_terrestre"
7,3,"L00191","Rocche del Corvo","L00193","S039",1949,"nominato_terrestre"
7,4,"L00192","burrone","L00193","S039",1949,"generico_terrestre"
7,3,"L00193","Liguria","","S039",1949,"nominato_terrestre"
7,4,"L00194","albergo","","S040",1949,"generico_terrestre"
7,4,"L00195","caserma","","S040",1949,"generico_terrestre"
7,4,"L00196","prigione","","S040",1949,"generico_terrestre"
7,4,"L00197","stanze","","S040",1949,"generico_terrestre"
7,4,"L00198","fortezza","","S040",1949,"generico_terrestre"
7,4,"L00199","porto","","S040",1949,"generico_terrestre"
7,4,"L00200","cella","","S040",1949,"generico_terrestre"
7,4,"L00201","corridoio","","S040",1949,"generico_terrestre"
7,4,"L00202","torpedoni","","S040",1949,"generico_terrestre"
7,3,"L00203","Culdistrega","","S041",1949,"nominato_terrestre"
7,4,"L00204","caverna","","S041",1949,"generico_terrestre"
7,4,"L00205","pozzo","","S041",1949,"generico_terrestre"
7,4,"L00206","rifugio","","S041",1949,"generico_terrestre"
7,4,"L00207","precipizio","","S041",1949,"generico_terrestre"
7,4,"L00208","torrente","","S041",1949,"generico_terrestre"
7,4,"L00209","vallata","","S041",1949,"generico_terrestre"
7,4,"L00210","tetto","","S041",1949,"generico_terrestre"
7,4,"L00211","scompartimento","","S042",1949,"generico_terrestre"
7,4,"L00212","galleria","","S042",1949,"generico_terrestre"
7,4,"L00213","città","","S043",1949,"generico_terrestre"
7,4,"L00214","vie","","S043",1949,"generico_terrestre"
7,4,"L00215","giardini","","S043",1949,"generico_terrestre"
7,4,"L00216","casa (Don Grillo)","","S043",1949,"generico_terrestre"
7,4,"L00217","scale","","S043",1949,"generico_terrestre"
7,4,"L00218","appartamento","","S043",1949,"generico_terrestre"
7,4,"L00219","stanza","","S043",1949,"generico_terrestre"
7,4,"L00220","magazzino","","S043",1949,"generico_terrestre"
7,4,"L00221","pellicceria","","S043",1949,"generico_terrestre"
7,4,"L00222","laboratorio","","S043",1949,"generico_terrestre"
8,4,"L00223","treno","","S044",1950,"generico_terrestre"
8,4,"L00224","scompartimento","","S044",1950,"generico_terrestre"
8,4,"L00225","campagna","","S045",1950,"generico_terrestre"
8,4,"L00226","valle","","S045",1950,"generico_terrestre"
8,4,"L00227","aia","","S045",1950,"generico_terrestre"
8,4,"L00228","caserma","","S045",1950,"generico_terrestre"
8,4,"L00229","ufficio","","S045",1950,"generico_terrestre"
8,4,"L00230","casa","","S045",1950,"generico_terrestre"
8,4,"L00231","fienile","","S045",1950,"generico_terrestre"
8,4,"L00232","campi","","S045",1950,"generico_terrestre"
8,4,"L00233","scogliera","","S046",1950,"generico_terrestre"
8,4,"L00234","acqua","","S046",1950,"generico_terrestre"
8,4,"L00235","mare","","S046",1950,"generico_terrestre"
8,4,"L00236","fondo","","S046",1950,"generico_terrestre"
8,4,"L00237","scoglio","","S046",1950,"generico_terrestre"
8,4,"L00238","cala","","S046",1950,"generico_terrestre"
8,4,"L00239","conca","","S046",1950,"generico_terrestre"
8,4,"L00240","prato","","S047",1950,"generico_terrestre"
8,4,"L00241","strada","","S047",1950,"generico_terrestre"
8,4,"L00242","via","","S047",1950,"generico_terrestre"
8,4,"L00243","fosso","","S047",1950,"generico_terrestre"
8,4,"L00244","riva","","S047",1950,"generico_terrestre"
8,4,"L00245","acqua (fosso)","","S047",1950,"generico_terrestre"
8,4,"L00246","ripe","","S047",1950,"generico_terrestre"
8,4,"L00247","stradale","","S047",1950,"generico_terrestre"
8,4,"L00248","strada","","S048",1950,"generico_terrestre"
8,4,"L00249","valle","","S048",1950,"generico_terrestre"
8,4,"L00250","sentiero","","S048",1950,"generico_terrestre"
8,4,"L00251","casa","","S048",1950,"generico_terrestre"
8,4,"L00252","crinale","","S048",1950,"generico_terrestre"
8,3,"L00253","Chapelet","","S048",1950,"nominato_terrestre"
8,4,"L00254","valletta","","S048",1950,"generico_terrestre"
8,4,"L00255","prati","","S048",1950,"generico_terrestre"
8,3,"L00256","Rocca Negra","","S048",1950,"nominato_terrestre"
8,4,"L00257","baita","","S048",1950,"generico_terrestre"
8,4,"L00258","caserma","","S048",1950,"generico_terrestre"
8,4,"L00259","lago","","S048",1950,"generico_terrestre"
9,4,"L00260","caserma","","S049",1951,"generico_terrestre"
9,4,"L00261","città","","S049",1951,"generico_terrestre"
9,4,"L00262","marciapiede","","S049",1951,"generico_terrestre"
9,4,"L00263","via","","S049",1951,"generico_terrestre"
9,4,"L00264","giardini pubblici","","S049",1951,"generico_terrestre"
9,4,"L00265","quartiere","","S049",1951,"generico_terrestre"
9,4,"L00266","caseggiato","","S049",1951,"generico_terrestre"
9,4,"L00267","cortile","","S049",1951,"generico_terrestre"
9,4,"L00268","scale","","S049",1951,"generico_terrestre"
9,4,"L00269","ballatorio","","S049",1951,"generico_terrestre"
9,4,"L00270","stanze","","S049",1951,"generico_terrestre"
9,4,"L00271","corridoi","","S049",1951,"generico_terrestre"
9,4,"L00272","tetto","","S049",1951,"generico_terrestre"
9,3,"L00273","***","","S050",1951,"nominato_terrestre"
9,4,"L00274","acqua","","S050",1951,"generico_terrestre"
9,4,"L00275","barca","","S050",1951,"generico_terrestre"
10,3,"L00276","Boemia","","V003",1952,"nominato_terrestre"
10,4,"L00277","accampamento","L00276","V003",1952,"generico_terrestre"
10,4,"L00278","campo di battaglia","L00276","V003",1952,"generico_terrestre"
10,4,"L00279","ospedale","L00276","V003",1952,"generico_terrestre"
10,5,"L00280","Terralba","","V003",1952,"inventato"
10,4,"L00281","castello","L00280","V003",1952,"generico_terrestre"
10,4,"L00282","campagna","L00280","V003",1952,"generico_terrestre"
10,4,"L00283","bosco","L00280","V003",1952,"generico_terrestre"
10,5,"L00284","Prato delle Monache","L00280","V003",1952,"inventato"
10,4,"L00285","cimitero","L00280","V003",1952,"generico_terrestre"
10,5,"L00286","Salto della Ghigna","L00280","V003",1952,"inventato"
10,5,"L00287","Col Gerbido","","V003",1952,"inventato"
10,4,"L00288","tana","L00287","V003",1952,"generico_terrestre"
10,4,"L00289","casolare","L00287","V003",1952,"generico_terrestre"
10,4,"L00290","marina","L00280","V003",1952,"generico_terrestre"
10,4,"L00291","prato","L00280","V003",1952,"generico_terrestre"
10,4,"L00292","casolare","L00280","V003",1952,"generico_terrestre"
10,4,"L00293","riva","L00280","V003",1952,"generico_terrestre"
10,4,"L00294","grotta","L00280","V003",1952,"generico_terrestre"
10,5,"L00295","Pratofungo","","V003",1952,"inventato"
10,4,"L00296","capannuccia","L00295","V003",1952,"generico_terrestre"
10,4,"L00297","bottega","L00280","V003",1952,"generico_terrestre"
10,4,"L00298","fienile","L00280","V003",1952,"generico_terrestre"
10,4,"L00299","collinetta","L00280","V003",1952,"generico_terrestre"
10,4,"L00300","boscaglia","","S051",1952,"generico_terrestre"
10,4,"L00301","campo di battaglia","","S051",1952,"generico_terrestre"
10,4,"L00302","cespugli","","S051",1952,"generico_terrestre"
10,4,"L00303","carreggiabile","","S051",1952,"generico_terrestre"
10,4,"L00304","salita","","S051",1952,"generico_terrestre"
10,4,"L00305","sentiero","","S051",1952,"generico_terrestre"
10,4,"L00306","valle","","S051",1952,"generico_terrestre"
10,4,"L00307","lago","","S051",1952,"generico_terrestre"
10,4,"L00308","capanna","","S051",1952,"generico_terrestre"
10,4,"L00309","torrente","","S052",1952,"generico_terrestre"
10,4,"L00310","campagna ","","S052",1952,"generico_terrestre"
10,4,"L00311","conca","","S052",1952,"generico_terrestre"
10,4,"L00312","sabbia","","S052",1952,"generico_terrestre"
10,4,"L00313","valle","","S052",1952,"generico_terrestre"
10,4,"L00314","erba","","S052",1952,"generico_terrestre"
10,4,"L00315","sentiero","","S052",1952,"generico_terrestre"
10,4,"L00316","canneto","","S052",1952,"generico_terrestre"
10,4,"L00317","riva","","S052",1952,"generico_terrestre"
10,4,"L00318","mare","","S052",1952,"generico_terrestre"
10,4,"L00319","città","","S053",1952,"generico_terrestre"
10,4,"L00320","aiola","","S053",1952,"generico_terrestre"
10,4,"L00321","corso","","S053",1952,"generico_terrestre"
10,4,"L00322","fermata","","S053",1952,"generico_terrestre"
10,4,"L00323","casa","","S053",1952,"generico_terrestre"
10,4,"L00324","ospedale","","S053",1952,"generico_terrestre"
10,4,"L00325","regione","","S054",1952,"generico_terrestre"
10,4,"L00326","vie","","S054",1952,"generico_terrestre"
10,4,"L00327","campagna","","S054",1952,"generico_terrestre"
10,4,"L00328","osteria","","S054",1952,"generico_terrestre"
10,4,"L00329","paese","","S054",1952,"generico_terrestre"
10,4,"L00330","casa","","S054",1952,"generico_terrestre"
10,4,"L00331","terreno","","S054",1952,"generico_terrestre"
10,4,"L00332","giardino","","S054",1952,"generico_terrestre"
10,4,"L00333","villetta","","S054",1952,"generico_terrestre"
10,4,"L00334","strada","","S054",1952,"generico_terrestre"
10,4,"L00335","villa","","S054",1952,"generico_terrestre"
10,4,"L00336","strada-cortile","","S054",1952,"generico_terrestre"
10,4,"L00337","baracca","","S054",1952,"generico_terrestre"
10,4,"L00338","città vecchia","","S054",1952,"generico_terrestre"
10,4,"L00339","mare","","S054",1952,"generico_terrestre"
10,4,"L00340","città","","S055",1952,"generico_terrestre"
10,4,"L00341","via","","S055",1952,"generico_terrestre"
10,4,"L00342","crocevia","","S055",1952,"generico_terrestre"
10,4,"L00343","ditta","","S055",1952,"generico_terrestre"
10,4,"L00344","casamento","","S055",1952,"generico_terrestre"
10,4,"L00345","tetto","","S055",1952,"generico_terrestre"
10,4,"L00346","appartamento","","S055",1952,"generico_terrestre"
10,4,"L00347","terrazzo","","S055",1952,"generico_terrestre"
10,4,"L00348","panchina","","S056",1952,"generico_terrestre"
10,4,"L00349","viale","","S056",1952,"generico_terrestre"
10,4,"L00350","bottiglieria","","S056",1952,"generico_terrestre"
10,4,"L00351","caffè","","S056",1952,"generico_terrestre"
10,4,"L00352","strada","","S056",1952,"generico_terrestre"
10,4,"L00353","villa","","S056",1952,"generico_terrestre"
10,4,"L00354","marciapiede","","S056",1952,"generico_terrestre"
10,4,"L00355","via","","S057",1952,"generico_terrestre"
10,4,"L00356","fermata","","S057",1952,"generico_terrestre"
10,4,"L00357","casa","","S057",1952,"generico_terrestre"
10,3,"L00358","Rivoli","","S058",1952,"nominato_terrestre"
10,3,"L00359","Alpignano","","S058",1952,"nominato_terrestre"
10,4,"L00360","scale","L00359","S058",1952,"generico_terrestre"
10,4,"L00361","accampamento","L00358","S058",1952,"generico_terrestre"
10,4,"L00362","camerata","L00358","S058",1952,"generico_terrestre"
10,4,"L00363","stabilimento","L00358","S058",1952,"generico_terrestre"
10,4,"L00364","fabbrica","L00358","S058",1952,"generico_terrestre"
10,4,"L00365","officina","L00358","S058",1952,"generico_terrestre"
10,4,"L00366","cortile","L00358","S058",1952,"generico_terrestre"
10,4,"L00367","cortile","","S059",1952,"generico_terrestre"
10,4,"L00368","officina","","S059",1952,"generico_terrestre"
10,4,"L00369","fabbrica","","S059",1952,"generico_terrestre"
10,4,"L00370","prato","","S059",1952,"generico_terrestre"
10,4,"L00371","cucina","","S059",1952,"generico_terrestre"
11,4,"L00372","paese","","S060",1953,"generico_terrestre"
11,4,"L00373","casa","","S060",1953,"generico_terrestre"
11,4,"L00374","casa","","S061",1953,"generico_terrestre"
11,4,"L00375","giardino pubblico","","S061",1953,"generico_terrestre"
11,4,"L00376","vie","","S061",1953,"generico_terrestre"
11,4,"L00377","città","","S061",1953,"generico_terrestre"
11,4,"L00378","strada","","S061",1953,"generico_terrestre"
11,4,"L00379","autostrada","","S061",1953,"generico_terrestre"
11,4,"L00380","bosco","","S061",1953,"generico_terrestre"
11,4,"L00381","pianura","","S061",1953,"generico_terrestre"
11,4,"L00382","panchina","","S062",1953,"generico_terrestre"
11,4,"L00383","corsi","","S062",1953,"generico_terrestre"
11,4,"L00384","casa","","S062",1953,"generico_terrestre"
11,4,"L00385","vie","","S062",1953,"generico_terrestre"
11,4,"L00386","ospedale","","S062",1953,"generico_terrestre"
11,5,"L00387","Nam-Du-Il","L00389","S063",1953,"inventato"
11,4,"L00388","casa","L00389","S063",1953,"generico_terrestre"
11,3,"L00389","Corea (del Nord)","","S063",1953,"nominato_terrestre"
11,5,"L00390","Yang","L00389","S063",1953,"inventato"
11,4,"L00391","campi","L00389","S063",1953,"generico_terrestre"
11,4,"L00392","terreno","L00389","S063",1953,"generico_terrestre"
11,5,"L00393","Som Gin","L00389","S063",1953,"inventato"
11,3,"L00394","Pyong Yang","L00389","S063",1953,"nominato_terrestre"
11,4,"L00395","bosco","","S064",1953,"generico_terrestre"
11,4,"L00396","monte","","S064",1953,"generico_terrestre"
11,4,"L00397","stradone","","S064",1953,"generico_terrestre"
11,4,"L00398","aia","","S064",1953,"generico_terrestre"
11,4,"L00399","paese","","S064",1953,"generico_terrestre"
11,4,"L00400","casa","","S064",1953,"generico_terrestre"
11,4,"L00401","strada","","S064",1953,"generico_terrestre"
11,4,"L00402","scuola","","S064",1953,"generico_terrestre"
11,4,"L00403","piazza","","S064",1953,"generico_terrestre"
11,4,"L00404","studio","","S064",1953,"generico_terrestre"
11,4,"L00405","costruzione","","S064",1953,"generico_terrestre"
11,4,"L00406","campo","","S064",1953,"generico_terrestre"
11,4,"L00407","sentiero","","S064",1953,"generico_terrestre"
11,4,"L00408","città","L00436","S065",1953,"generico_terrestre"
11,4,"L00409","piazza","L00436","S065",1953,"generico_terrestre"
11,3,"L00410","Casa del Fascio","L00436","S065",1953,"nominato_terrestre"
11,3,"L00411","Italia","","S065",1953,"nominato_terrestre"
11,4,"L00412","biliardi","L00436","S065",1953,"generico_terrestre"
11,4,"L00413","città vecchia","L00436","S065",1953,"generico_terrestre"
11,4,"L00414","strada","L00436","S065",1953,"generico_terrestre"
11,4,"L00415","via","L00436","S065",1953,"generico_terrestre"
11,4,"L00416","torpedone","","S065",1953,"generico_terrestre"
11,4,"L00417","riviera","L00411","S065",1953,"generico_terrestre"
11,3,"L00418","Ventimiglia","","S065",1953,"nominato_terrestre"
11,3,"L00419","Ponte San Luigi","L00411","S065",1953,"nominato_terrestre"
11,3,"L00420","Mentone","","S065",1953,"nominato_terrestre"
11,4,"L00421","villetta","L00420","S065",1953,"generico_terrestre"
11,4,"L00422","campagna","L00420","S065",1953,"generico_terrestre"
11,4,"L00423","piazza","L00420","S065",1953,"generico_terrestre"
11,4,"L00424","lugomare","L00420","S065",1953,"generico_terrestre"
11,4,"L00425","camerata","L00420","S065",1953,"generico_terrestre"
11,4,"L00426","villa","L00420","S065",1953,"generico_terrestre"
11,4,"L00427","mare","L00420","S065",1953,"generico_terrestre"
11,4,"L00428","riva","L00420","S065",1953,"generico_terrestre"
11,4,"L00429","casamenti","L00420","S065",1953,"generico_terrestre"
11,4,"L00430","quartieri","L00420","S065",1953,"generico_terrestre"
11,4,"L00431","casa","L00420","S065",1953,"generico_terrestre"
11,4,"L00432","stanza","L00420","S065",1953,"generico_terrestre"
11,3,"L00433","Casa del Fascio","L00420","S065",1953,"nominato_terrestre"
11,4,"L00434","giardino","L00420","S065",1953,"generico_terrestre"
11,4,"L00435","stazione","L00420","S065",1953,"generico_terrestre"
11,3,"L00436","Sanremo","","S065",1953,"nominato_terrestre"
11,4,"L00437","seminterrato","","S066",1953,"generico_terrestre"
11,4,"L00438","collina","","S066",1953,"generico_terrestre"
11,4,"L00439","quartiere","","S066",1953,"generico_terrestre"
11,4,"L00440","città","","S066",1953,"generico_terrestre"
11,4,"L00441","viale","","S066",1953,"generico_terrestre"
11,4,"L00442","capolinea","","S066",1953,"generico_terrestre"
11,4,"L00443","stradina","","S066",1953,"generico_terrestre"
11,4,"L00444","prato","","S066",1953,"generico_terrestre"
11,4,"L00445","sanatorio","","S066",1953,"generico_terrestre"
11,4,"L00446","via","","S066",1953,"generico_terrestre"
11,3,"L00447","Sanremo","","S065",1953,"nominato_terrestre"
11,4,"L00448","spiaggia","L00453","S067",1953,"generico_terrestre"
11,4,"L00449","riva","L00453","S067",1953,"generico_terrestre"
11,4,"L00450","moscone","L00453","S067",1953,"generico_terrestre"
11,4,"L00451","mare","L00453","S067",1953,"generico_terrestre"
11,4,"L00452","balaustra","L00453","S067",1953,"generico_terrestre"
11,4,"L00453","città (Sanremo)","L00453","S067",1953,"generico_terrestre"
11,4,"L00454","scuole","L00453","S067",1953,"generico_terrestre"
11,4,"L00455","scalinata","L00453","S067",1953,"generico_terrestre"
11,4,"L00456","corridoio","L00453","S067",1953,"generico_terrestre"
11,4,"L00457","casa","L00453","S067",1953,"generico_terrestre"
11,4,"L00458","aula","L00453","S067",1953,"generico_terrestre"
11,4,"L00459","via","L00453","S067",1953,"generico_terrestre"
11,4,"L00460","casa","","S068",1953,"generico_terrestre"
11,4,"L00461","collina","","S068",1953,"generico_terrestre"
11,4,"L00462","viale","","S068",1953,"generico_terrestre"
11,4,"L00463","capolinea","","S068",1953,"generico_terrestre"
11,4,"L00464","tram","","S068",1953,"generico_terrestre"
11,4,"L00465","centro","","S068",1953,"generico_terrestre"
11,4,"L00466","caffè","","S068",1953,"generico_terrestre"
11,4,"L00467","barbiere","","S068",1953,"generico_terrestre"
11,4,"L00468","città","","S068",1953,"generico_terrestre"
11,3,"L00469","Europa","","S068",1953,"nominato_terrestre"
11,4,"L00470","marciapiede","","S068",1953,"generico_terrestre"
11,4,"L00471","piazza","","S068",1953,"generico_terrestre"
11,4,"L00472","portici","","S068",1953,"generico_terrestre"
11,4,"L00473","ufficio","","S068",1953,"generico_terrestre"
11,5,"L00474","Marzialia","","S069",1953,"inventato"
11,4,"L00475","via","L00474","S069",1953,"generico_terrestre"
11,5,"L00476","Panduria","","S070",1953,"inventato"
11,4,"L00477","biblioteca","L00476","S070",1953,"generico_terrestre"
11,4,"L00478","palazzo","L00476","S070",1953,"generico_terrestre"
12,4,"L00479","piazzale","L00484","S071",1954,"generico_terrestre"
12,4,"L00480","sentieri","","S071",1954,"generico_terrestre"
12,3,"L00481","Amiantifera (fabbrica)","L00484","S071",1954,"nominato_terrestre"
12,4,"L00482","uffici","L00484","S071",1954,"generico_terrestre"
12,4,"L00483","via","","S071",1954,"generico_terrestre"
12,3,"L00484","Balangero","","S071",1954,"nominato_terrestre"
12,4,"L00485","città","L00495","S072",1954,"generico_terrestre"
12,4,"L00486","scuola","L00495","S072",1954,"generico_terrestre"
12,4,"L00487","strada","L00495","S072",1954,"generico_terrestre"
12,4,"L00488","campagna","L00495","S072",1954,"generico_terrestre"
12,4,"L00489","stanza","L00495","S072",1954,"generico_terrestre"
12,4,"L00490","piazza","L00495","S072",1954,"generico_terrestre"
12,4,"L00491","via","L00495","S072",1954,"generico_terrestre"
12,4,"L00492","casa","L00495","S072",1954,"generico_terrestre"
12,4,"L00493","salotto","L00495","S072",1954,"generico_terrestre"
12,4,"L00494","porto","L00495","S072",1954,"generico_terrestre"
12,3,"L00495","Sanremo","","S072",1954,"nominato_terrestre"
12,4,"L00496","prato","","S073",1954,"generico_terrestre"
12,4,"L00497","casa","","S073",1954,"generico_terrestre"
12,4,"L00498","piazza","","S073",1954,"generico_terrestre"
12,4,"L00499","città","","S073",1954,"generico_terrestre"
12,4,"L00500","foresta","","S073",1954,"generico_terrestre"
12,5,"L00501","Atrabilia","","S074",1954,"inventato"
12,5,"L00502","Cocinindia","","S074",1954,"inventato"
12,5,"L00503","Mantecablanca","","S074",1954,"inventato"
12,4,"L00504","rive","","S075",1954,"generico_terrestre"
12,5,"L00505","Eucalipto","","S075",1954,"inventato"
12,4,"L00506","cielo","","S076",1954,"generico_terrestre"
12,3,"L00507","Brema","","S076",1954,"nominato_terrestre"
12,3,"L00508","Champs Elysèes","L00511","S077",1954,"nominato_terrestre"
12,3,"L00509","Rue de la Paix","L00511","S077",1954,"nominato_terrestre"
12,4,"L00510","studio","L00511","S077",1954,"generico_terrestre"
12,3,"L00511","Parigi","L00511","S077",1954,"nominato_terrestre"
12,3,"L00512","Recanati","","S077",1954,"nominato_terrestre"
12,4,"L00513","paese","","S078",1954,"generico_terrestre"
12,5,"L00514","Edi-Piaf (fabbrica)","L00513","S078",1954,"inventato"
12,4,"L00515","casamento","","S078",1954,"generico_terrestre"
12,4,"L00516","stanza","","S078",1954,"generico_terrestre"
12,4,"L00517","treno","","S078",1954,"generico_terrestre"
12,4,"L00518","baita","","S078",1954,"generico_terrestre"
12,4,"L00519","prato","","S078",1954,"generico_terrestre"
12,4,"L00520","paese","","S079",1954,"generico_terrestre"
12,4,"L00521","aranceti","","S079",1954,"generico_terrestre"
12,4,"L00522","vie","","S079",1954,"generico_terrestre"
12,4,"L00523","moschea","","S079",1954,"generico_terrestre"
12,4,"L00524","deserto","","S079",1954,"generico_terrestre"
12,4,"L00525","torre","","S079",1954,"generico_terrestre"
12,4,"L00526","paese","","S080",1954,"generico_terrestre"
12,2,"L00527","Terra","","S081",1954,"nominato_non_terrestre"
12,4,"L00528","regione","","S081",1954,"generico_terrestre"
12,4,"L00529","navicella","","S081",1954,"generico_terrestre"
12,4,"L00530","città","","S081",1954,"generico_terrestre"
12,1,"L00531","spazi","","S081",1954,"generico_non_terrestre"
12,4,"L00532","paese","","S082",1954,"generico_terrestre"
12,4,"L00533","ospedale","","S083",1954,"generico_terrestre"
12,4,"L00534","laboratorio","","S083",1954,"generico_terrestre"
12,4,"L00535","casa","","S083",1954,"generico_terrestre"
12,4,"L00536","ditta","","S083",1954,"generico_terrestre"
12,4,"L00537","vie","","S083",1954,"generico_terrestre"
12,4,"L00538","viali","","S083",1954,"generico_terrestre"
12,4,"L00539","alloggio","","S083",1954,"generico_terrestre"
12,4,"L00540","terrazzo","","S083",1954,"generico_terrestre"
12,4,"L00541","città","","S083",1954,"generico_terrestre"
13,4,"L00542","fuori città","","S084",1955,"generico_terrestre"
13,4,"L00543","mare","","S084",1955,"generico_terrestre"
13,4,"L00544","mercati","","S084",1955,"generico_terrestre"
13,4,"L00545","alloggio","","S084",1955,"generico_terrestre"
13,4,"L00546","laboratorio","","S084",1955,"generico_terrestre"
14,4,"L00547","città","","S085",1956,"generico_terrestre"
14,4,"L00548","case operaie","","S085",1956,"generico_terrestre"
14,4,"L00549","marciapiede","","S085",1956,"generico_terrestre"
14,4,"L00550","seminterrato","","S085",1956,"generico_terrestre"
14,4,"L00551","via","","S085",1956,"generico_terrestre"
14,4,"L00552","strada","","S085",1956,"generico_terrestre"
14,4,"L00553","piazza","","S085",1956,"generico_terrestre"
15,4,"L00554","tetto","","S086",1957,"generico_terrestre"
15,4,"L00555","mansarda","","S086",1957,"generico_terrestre"
15,4,"L00556","stabile","","S086",1957,"generico_terrestre"
15,5,"L00557","villa d'Ombrosa","L00558","V005",1957,"inventato"
15,5,"L00558","Ombrosa","","V005",1957,"inventato"
15,4,"L00559","giardino (villa)","L00558","V005",1957,"generico_terrestre"
15,4,"L00560","elce","L00558","V005",1957,"generico_terrestre"
15,4,"L00561","olmo","L00558","V005",1957,"generico_terrestre"
15,4,"L00562","carrubo","L00558","V005",1957,"generico_terrestre"
15,4,"L00563","gelso","L00558","V005",1957,"generico_terrestre"
15,4,"L00564","muro","L00558","V005",1957,"generico_terrestre"
15,4,"L00565","magnolia","L00558","V005",1957,"generico_terrestre"
15,4,"L00566","giardino (D'Ondariva)","L00558","V005",1957,"generico_terrestre"
15,4,"L00567","platano","L00558","V005",1957,"generico_terrestre"
15,4,"L00568","parchi","L00558","V005",1957,"generico_terrestre"
15,4,"L00569","valle","L00558","V005",1957,"generico_terrestre"
15,4,"L00570","ciliegio","L00558","V005",1957,"generico_terrestre"
15,4,"L00571","carrubo","L00558","V005",1957,"generico_terrestre"
15,4,"L00572","susino","L00558","V005",1957,"generico_terrestre"
15,4,"L00573","fico","L00558","V005",1957,"generico_terrestre"
15,4,"L00574","pesco","L00558","V005",1957,"generico_terrestre"
15,4,"L00575","olivo","L00558","V005",1957,"generico_terrestre"
15,4,"L00576","rovere","L00558","V005",1957,"generico_terrestre"
15,5,"L00577","Vasca Grande","L00558","V005",1957,"inventato"
15,4,"L00578","frutteto","L00558","V005",1957,"generico_terrestre"
15,4,"L00579","strada","L00558","V005",1957,"generico_terrestre"
15,4,"L00580","spiaggia","L00558","V005",1957,"generico_terrestre"
15,4,"L00581","pino","L00558","V005",1957,"generico_terrestre"
15,5,"L00582","villa d'Ondariva","L00558","V005",1957,"inventato"
15,4,"L00583","bosco","L00558","V005",1957,"generico_terrestre"
15,5,"L00584","Porta Capperi","L00558","V005",1957,"inventato"
15,4,"L00585","salice","L00558","V005",1957,"generico_terrestre"
15,4,"L00586","faggio","L00558","V005",1957,"generico_terrestre"
15,4,"L00587","stanzetta","L00558","V005",1957,"generico_terrestre"
15,4,"L00588","sagrato","L00558","V005",1957,"generico_terrestre"
15,4,"L00589","cattedrale","L00558","V005",1957,"generico_terrestre"
15,4,"L00590","vallata","L00558","V005",1957,"generico_terrestre"
15,4,"L00591","melograno","L00558","V005",1957,"generico_terrestre"
15,4,"L00592","campo","L00558","V005",1957,"generico_terrestre"
15,4,"L00593","noce","L00558","V005",1957,"generico_terrestre"
15,4,"L00594","castagno","L00558","V005",1957,"generico_terrestre"
15,4,"L00595","tana","L00558","V005",1957,"generico_terrestre"
15,4,"L00596","casa del gabelliere","L00558","V005",1957,"generico_terrestre"
15,4,"L00597","prigione","L00558","V005",1957,"generico_terrestre"
15,4,"L00598","piazza","L00558","V005",1957,"generico_terrestre"
15,4,"L00599","bottega","L00558","V005",1957,"generico_terrestre"
15,4,"L00600","porto","L00558","V005",1957,"generico_terrestre"
15,4,"L00601","riva","L00558","V005",1957,"generico_terrestre"
15,4,"L00602","grotta","L00558","V005",1957,"generico_terrestre"
15,4,"L00603","barca","","V005",1957,"generico_terrestre"
15,4,"L00604","mare","","V005",1957,"generico_terrestre"
15,4,"L00605","cimitero","L00558","V005",1957,"generico_terrestre"
15,5,"L00606","Olivabassa","","V005",1957,"inventato"
15,4,"L00607","platano","L00606","V005",1957,"generico_terrestre"
15,4,"L00608","ciliegio","L00606","V005",1957,"generico_terrestre"
15,4,"L00609","mandorlo","L00606","V005",1957,"generico_terrestre"
15,4,"L00610","quercia","L00606","V005",1957,"generico_terrestre"
15,5,"L00611","Quercia delle Cinque Passere","L00558","V005",1957,"inventato"
15,4,"L00612","orti","L00558","V005",1957,"generico_terrestre"
15,4,"L00613","bandita","L00558","V005",1957,"generico_terrestre"
15,4,"L00614","prato","L00558","V005",1957,"generico_terrestre"
15,4,"L00615","frassino","L00558","V005",1957,"generico_terrestre"
15,4,"L00616","castagneto","L00558","V005",1957,"generico_terrestre"
15,4,"L00617","piazza","L00558","V005",1957,"generico_terrestre"
15,4,"L00618","padiglione","L00558","V005",1957,"generico_terrestre"
15,4,"L00619","parco","L00558","V005",1957,"generico_terrestre"
15,4,"L00620","carrozza","L00558","V005",1957,"generico_terrestre"
15,4,"L00621","osteria","L00558","V005",1957,"generico_terrestre"
15,4,"L00622","glicine","L00558","V005",1957,"generico_terrestre"
15,4,"L00623","vigne","L00558","V005",1957,"generico_terrestre"
15,4,"L00624","colline","L00558","V005",1957,"generico_terrestre"
15,4,"L00625","palazzo","L00558","V005",1957,"generico_terrestre"
15,3,"L00626","Cammino dell'Artiglieria","L00558","V005",1957,"nominato_terrestre"
15,4,"L00627","mongolfiera","","V005",1957,"generico_terrestre"
15,4,"L00628","treno","","S088",1957,"generico_terrestre"
15,3,"L00629","Riviera","","S088",1957,"nominato_terrestre"
15,3,"L00630","*** (Sanremo)","L00629","S088",1957,"nominato_terrestre"
15,4,"L00631","villa","L00630","S088",1957,"generico_terrestre"
15,4,"L00632","studio (avvocato)","L00630","S088",1957,"generico_terrestre"
15,4,"L00633","via principale","L00630","S088",1957,"generico_terrestre"
15,3,"L00634","T. (Torino)","","S088",1957,"nominato_terrestre"
15,4,"L00635","ristorante","L00634","S088",1957,"generico_terrestre"
15,4,"L00636","ufficio","L00630","S088",1957,"generico_terrestre"
15,3,"L00637","caffè Melina","L00630","S088",1957,"nominato_terrestre"
15,4,"L00638","studio (notaio)","L00630","S088",1957,"generico_terrestre"
15,3,"L00639","Serenella","L00630","S088",1957,"nominato_terrestre"
15,4,"L00640","affittacamere","L00630","S088",1957,"generico_terrestre"
15,4,"L00641","cantiere","L00630","S089",1957,"generico_terrestre"
15,3,"L00642","Roma","","S088",1957,"nominato_terrestre"
15,3,"L00643","Cannes","","S088",1957,"nominato_terrestre"
16,4,"L00644","casa","","S089",1958,"generico_terrestre"
16,4,"L00645","razzo","","S089",1958,"generico_terrestre"
16,4,"L00646","foresta","","S089",1958,"generico_terrestre"
16,4,"L00647","castello","L00648","S090",1958,"generico_terrestre"
16,3,"L00648","Scozia","","S090",1958,"nominato_terrestre"
16,4,"L00649","stanza","L00648","S090",1958,"generico_terrestre"
16,4,"L00650","Senato","L00651","S091",1958,"generico_terrestre"
16,3,"L00651","Roma","","S091",1958,"nominato_terrestre"
16,4,"L00652","cortiletto","","S092",1958,"generico_terrestre"
16,4,"L00653","fabbrica","","S092",1958,"generico_terrestre"
16,4,"L00654","reparto","","S092",1958,"generico_terrestre"
16,4,"L00655","ufficio","","S092",1958,"generico_terrestre"
16,4,"L00656","studio","","S092",1958,"generico_terrestre"
16,4,"L00657","città","","S093",1958,"generico_terrestre"
16,4,"L00658","stanze","L00660","S093",1958,"generico_terrestre"
16,4,"L00659","uffici","L00660","S093",1958,"generico_terrestre"
16,5,"L00660","Sbav","L00657","S093",1958,"inventato"
16,4,"L00661","sala","L00660","S093",1958,"generico_terrestre"
16,4,"L00662","salone","L00660","S093",1958,"generico_terrestre"
16,4,"L00663","sotterranei","L00660","S093",1958,"generico_terrestre"
16,4,"L00664","rampa","","S094",1958,"generico_terrestre"
16,4,"L00665","capo","","S094",1958,"generico_terrestre"
16,4,"L00666","scoglio","","S094",1958,"generico_terrestre"
16,4,"L00667","mare","","S094",1958,"generico_terrestre"
16,4,"L00668","riva","","S094",1958,"generico_terrestre"
16,4,"L00669","cala","","S094",1958,"generico_terrestre"
16,4,"L00670","città","L00703","S095",1958,"generico_terrestre"
16,4,"L00671","camera","L00703","S095",1958,"generico_terrestre"
16,4,"L00672","casamento","L00703","S095",1958,"generico_terrestre"
16,4,"L00673","Ente","L00703","S095",1958,"generico_terrestre"
16,4,"L00674","cucina","L00703","S095",1958,"generico_terrestre"
16,4,"L00675","quartiere","L00703","S095",1958,"generico_terrestre"
16,4,"L00676","ufficio","L00703","S095",1958,"generico_terrestre"
16,4,"L00677","appartamento","L00703","S095",1958,"generico_terrestre"
16,4,"L00678","alloggio","L00703","S095",1958,"generico_terrestre"
16,4,"L00679","ristorantini","L00703","S095",1958,"generico_terrestre"
16,4,"L00680","cinema","L00703","S095",1958,"generico_terrestre"
16,5,"L00681","birreria «Urbano Rattazzi»","L00703","S095",1958,"inventato"
16,4,"L00682","stazione","L00703","S095",1958,"generico_terrestre"
16,4,"L00683","albergo","L00703","S095",1958,"generico_terrestre"
16,4,"L00684","collina","L00703","S095",1958,"generico_terrestre"
16,4,"L00685","trattoria","L00703","S095",1958,"generico_terrestre"
16,4,"L00686","periferia ","L00703","S095",1958,"generico_terrestre"
16,4,"L00687","fabbrica","L00703","S095",1958,"generico_terrestre"
16,4,"L00688","studio ","L00703","S095",1958,"generico_terrestre"
16,4,"L00689","sala","L00703","S095",1958,"generico_terrestre"
16,4,"L00690","parco","L00703","S095",1958,"generico_terrestre"
16,4,"L00691","viale","L00703","S095",1958,"generico_terrestre"
16,4,"L00692","salone","L00703","S095",1958,"generico_terrestre"
16,5,"L00693","Wafd","L00703","S095",1958,"inventato"
16,4,"L00694","caffè","L00703","S095",1958,"generico_terrestre"
16,4,"L00695","controviale","L00703","S095",1958,"generico_terrestre"
16,4,"L00696","incrocio","L00703","S095",1958,"generico_terrestre"
16,4,"L00697","via","L00703","S095",1958,"generico_terrestre"
16,5,"L00698","Barca Bertulla","L00703","S095",1958,"inventato"
16,4,"L00699","strada","L00703","S095",1958,"generico_terrestre"
16,4,"L00700","prati","L00703","S095",1958,"generico_terrestre"
16,4,"L00701","campi","L00703","S095",1958,"generico_terrestre"
16,4,"L00702","campagna","L00703","S095",1958,"generico_terrestre"
16,3,"L00703","Torino","","S095",1958,"nominato_terrestre"
16,4,"L00704","città","","S096",1958,"generico_terrestre"
16,5,"L00705","Farmaceutica Paulatim S. A.","L00704","S096",1958,"inventato"
16,5,"L00706","Villa Ottavia","L00704","S096",1958,"inventato"
16,4,"L00707","giardino","L00704","S096",1958,"generico_terrestre"
16,4,"L00708","via","L00704","S096",1958,"generico_terrestre"
16,4,"L00709","città","L00710","S097",1958,"generico_terrestre"
16,3,"L00710","Italia settentrionale","","S097",1958,"nominato_terrestre"
16,3,"L00711","Roma","","S097",1958,"nominato_terrestre"
16,4,"L00712","stazione","","S097",1958,"generico_terrestre"
16,4,"L00713","scompartimento","","S097",1958,"generico_terrestre"
16,3,"L00714","Genova","","S097",1958,"nominato_terrestre"
16,4,"L00715","toilette","","S097",1958,"generico_terrestre"
16,3,"L00716","Stazione Principe","","S097",1958,"nominato_terrestre"
16,3,"L00717","Genova-Brignole","","S097",1958,"nominato_terrestre"
16,3,"L00718","stazione Termini","","S097",1958,"nominato_terrestre"
16,4,"L00719","piazza","","S098",1958,"generico_terrestre"
16,4,"L00720","giardino pubblico","","S098",1958,"generico_terrestre"
16,4,"L00721","vie","","S098",1958,"generico_terrestre"
16,4,"L00722","panchina","","S098",1958,"generico_terrestre"
16,4,"L00723","camera","","S098",1958,"generico_terrestre"
16,4,"L00724","fontana","","S098",1958,"generico_terrestre"
16,4,"L00725","aiola","","S098",1958,"generico_terrestre"
16,4,"L00726","letto","","S099",1958,"generico_terrestre"
16,4,"L00727","muretto","","S099",1958,"generico_terrestre"
16,4,"L00728","prato","","S099",1958,"generico_terrestre"
16,4,"L00729","strada ferrata","","S099",1958,"generico_terrestre"
16,4,"L00730","mare","","S099",1958,"generico_terrestre"
16,4,"L00731","vicolo","","S100",1958,"generico_terrestre"
16,4,"L00732","città vecchia","","S100",1958,"generico_terrestre"
16,4,"L00733","città nuova","","S100",1958,"generico_terrestre"
16,4,"L00734","portone (casa)","","S100",1958,"generico_terrestre"
16,4,"L00735","strada","","S101",1958,"generico_terrestre"
16,4,"L00736","città","","S101",1958,"generico_terrestre"
16,4,"L00737","cinema","","S101",1958,"generico_terrestre"
16,4,"L00738","fermata","","S101",1958,"generico_terrestre"
16,4,"L00739","marciapiede","","S101",1958,"generico_terrestre"
16,4,"L00740","vie","","S101",1958,"generico_terrestre"
16,3,"L00741","V.","L00742","S101",1958,"nominato_terrestre"
16,3,"L00742","Settentrione","","S101",1958,"nominato_terrestre"
16,4,"L00743","strada","","S101",1958,"generico_terrestre"
16,4,"L00744","angolo","","S102",1958,"generico_terrestre"
16,4,"L00745","via","","S102",1958,"generico_terrestre"
16,4,"L00746","bar","","S102",1958,"generico_terrestre"
16,4,"L00747","marciapiede","","S102",1958,"generico_terrestre"
16,4,"L00748","portone (casa)","","S102",1958,"generico_terrestre"
16,4,"L00749","casa","","S103",1958,"generico_terrestre"
16,4,"L00750","cucina","","S103",1958,"generico_terrestre"
16,4,"L00751","camera","","S103",1958,"generico_terrestre"
16,4,"L00752","bagno","","S103",1958,"generico_terrestre"
16,4,"L00753","pianerottolo","","S103",1958,"generico_terrestre"
16,4,"L00754","scale","","S103",1958,"generico_terrestre"
16,4,"L00755","strade","","S103",1958,"generico_terrestre"
16,4,"L00756","barca","","S104",1958,"generico_terrestre"
16,4,"L00757","costa","L00758","S104",1958,"generico_terrestre"
16,3,"L00758","Meridione","","S104",1958,"nominato_terrestre"
16,3,"L00759","Sud","","S104",1958,"nominato_terrestre"
16,4,"L00760","grotta","L00758","S104",1958,"generico_terrestre"
16,4,"L00761","acqua (mare)","","S104",1958,"generico_terrestre"
16,3,"L00762","Meridione","","S104",1958,"nominato_terrestre"
17,4,"L00763","skilift","","S105",1959,"generico_terrestre"
17,4,"L00764","pista","","S105",1959,"generico_terrestre"
17,4,"L00765","cima","","S105",1959,"generico_terrestre"
17,4,"L00766","stazione di partenza","","S105",1959,"generico_terrestre"
17,4,"L00767","colle","","S105",1959,"generico_terrestre"
17,3,"L00768","Parigi","L00769","V008",1959,"nominato_terrestre"
17,3,"L00769","Francia","","V008",1959,"nominato_terrestre"
17,4,"L00770","campo","L00768","V008",1959,"generico_terrestre"
17,4,"L00771","campo degli Infedeli","","V008",1959,"generico_terrestre"
17,4,"L00772","tenda","L00770","V008",1959,"generico_terrestre"
17,4,"L00773","strada","","V008",1959,"generico_terrestre"
17,4,"L00774","valle","","V008",1959,"generico_terrestre"
17,4,"L00775","convento","","V008",1959,"generico_terrestre"
17,4,"L00776","pianura","","V008",1959,"generico_terrestre"
17,4,"L00777","sentieri","","V008",1959,"generico_terrestre"
17,4,"L00778","greto","","V008",1959,"generico_terrestre"
17,4,"L00779","cucine","L00770","V008",1959,"generico_terrestre"
17,4,"L00780","collina","","V008",1959,"generico_terrestre"
17,4,"L00781","bosco","","V008",1959,"generico_terrestre"
17,4,"L00782","riva","","V008",1959,"generico_terrestre"
17,4,"L00783","città","","V008",1959,"generico_terrestre"
17,4,"L00784","castello","","V008",1959,"generico_terrestre"
17,3,"L00785","Inghilterra","","V008",1959,"nominato_terrestre"
17,4,"L00786","monastero","L00785","V008",1959,"generico_terrestre"
17,4,"L00787","porto","","V008",1959,"generico_terrestre"
17,4,"L00788","mare","","V008",1959,"generico_terrestre"
17,4,"L00789","nave","","V008",1959,"generico_terrestre"
17,3,"L00790","Marocco","","V008",1959,"nominato_terrestre"
17,4,"L00791","riva","L00790","V008",1959,"generico_terrestre"
17,4,"L00792","palazzo","L00790","V008",1959,"generico_terrestre"
17,4,"L00793","feluca","","V008",1959,"generico_terrestre"
17,4,"L00794","grotta","","V008",1959,"generico_terrestre"
17,5,"L00795","Curvaldia","","V008",1959,"inventato"
17,4,"L00796","radura","","V008",1959,"generico_terrestre"
17,4,"L00797","accampamento","","V008",1959,"generico_terrestre"
17,4,"L00798","villaggi","L00795","V008",1959,"generico_terrestre"
17,4,"L00799","nazioni","","V008",1959,"generico_terrestre"
17,4,"L00800","spiaggia","L00801","V008",1959,"generico_terrestre"
17,3,"L00801","Bretagna","L00769","V008",1959,"nominato_terrestre"
17,4,"L00802","declivio","","V008",1959,"generico_terrestre"
17,4,"L00803","prato","","V008",1959,"generico_terrestre"
20,3,"L00804","strada di San Pietro","L00812","S106",1962,"nominato_terrestre"
20,3,"L00805","San Giovanni","","S106",1962,"nominato_terrestre"
20,3,"L00806","strada di San Giovanni","L00812","S106",1962,"nominato_terrestre"
20,4,"L00807","casa","L00812","S106",1962,"generico_terrestre"
20,3,"L00808","ponte di Baragallo","L00812","S106",1962,"nominato_terrestre"
20,3,"L00809","mulattiera di Tasciaire","L00812","S106",1962,"nominato_terrestre"
20,4,"L00810","villa","L00805","S106",1962,"generico_terrestre"
20,4,"L00811","valle","L00812","S106",1962,"generico_terrestre"
20,3,"L00812","Sanremo","","S106",1962,"nominato_terrestre"
21,4,"L00813","casa ","L00818","V009",1963,"generico_terrestre"
21,4,"L00814","seggio elettorale","L00818","V009",1963,"generico_terrestre"
21,4,"L00815","vie","L00818","V009",1963,"generico_terrestre"
21,4,"L00816","quartiere","L00818","V009",1963,"generico_terrestre"
21,3,"L00817","Cottolengo o Piccola Casa della Divina Provvidenza","L00818","V009",1963,"nominato_terrestre"
21,3,"L00818","Torino","","V009",1963,"nominato_terrestre"
21,3,"L00819","Italia","L00818","V009",1963,"nominato_terrestre"
21,3,"L00820","Comune","L00818","V009",1963,"nominato_terrestre"
21,4,"L00821","sezione (elettorale)","L00818","V009",1963,"generico_terrestre"
21,3,"L00822","Piemonte","L00818","V009",1963,"nominato_terrestre"
21,4,"L00823","cortile","L00818","V009",1963,"generico_terrestre"
21,4,"L00824","appartamento","L00818","V009",1963,"generico_terrestre"
21,4,"L00825","reparto","L00818","V009",1963,"generico_terrestre"
21,4,"L00826","camerone","L00818","V009",1963,"generico_terrestre"
21,4,"L00827","veranda","L00818","V009",1963,"generico_terrestre"
21,4,"L00828","ufficio","L00818","V009",1963,"generico_terrestre"
21,4,"L00829","dormitori","L00818","V009",1963,"generico_terrestre"
21,4,"L00830","reparto","","S107",1963,"generico_terrestre"
21,4,"L00831","clinica","","S107",1963,"generico_terrestre"
21,4,"L00832","città","","S108",1963,"generico_terrestre"
21,4,"L00833","supermarket","","S108",1963,"generico_terrestre"
21,4,"L00834","impalcatura","","S108",1963,"generico_terrestre"
21,4,"L00835","ditta","","S109",1963,"generico_terrestre"
21,4,"L00836","magazzino","","S109",1963,"generico_terrestre"
21,4,"L00837","cortile","","S109",1963,"generico_terrestre"
21,4,"L00838","città","","S109",1963,"generico_terrestre"
21,4,"L00839","casa","","S109",1963,"generico_terrestre"
21,4,"L00840","mansarda","","S109",1963,"generico_terrestre"
21,4,"L00841","quartiere","","S109",1963,"generico_terrestre"
21,4,"L00842","vie","","S109",1963,"generico_terrestre"
21,4,"L00843","corsi","","S109",1963,"generico_terrestre"
21,4,"L00844","piazze","","S109",1963,"generico_terrestre"
21,4,"L00845","incrocio","","S109",1963,"generico_terrestre"
21,4,"L00846","lungofiumi","","S109",1963,"generico_terrestre"
21,4,"L00847","ponti","","S109",1963,"generico_terrestre"
21,4,"L00848","cinema","","S110",1963,"generico_terrestre"
21,4,"L00849","fermata","","S110",1963,"generico_terrestre"
21,4,"L00850","via","","S110",1963,"generico_terrestre"
21,4,"L00851","città","","S110",1963,"generico_terrestre"
21,4,"L00852","marciapiede","","S110",1963,"generico_terrestre"
21,4,"L00853","piazza","","S110",1963,"generico_terrestre"
21,4,"L00854","bar","","S110",1963,"generico_terrestre"
21,4,"L00855","osteria","","S110",1963,"generico_terrestre"
21,4,"L00856","isolato","","S110",1963,"generico_terrestre"
21,4,"L00857","muro","","S110",1963,"generico_terrestre"
21,4,"L00858","tetto","","S110",1963,"generico_terrestre"
21,4,"L00859","vuoto","","S110",1963,"generico_terrestre"
21,4,"L00860","incrocio","","S110",1963,"generico_terrestre"
21,4,"L00861","strada","","S110",1963,"generico_terrestre"
21,4,"L00862","areroplano","","S110",1963,"generico_terrestre"
21,4,"L00863","quartiere","","S111",1963,"generico_terrestre"
21,4,"L00864","stanze","","S111",1963,"generico_terrestre"
21,4,"L00865","negozio","","S111",1963,"generico_terrestre"
21,4,"L00866","drogheria","","S111",1963,"generico_terrestre"
21,4,"L00867","case","","S111",1963,"generico_terrestre"
21,5,"L00868","Casa Marcovaldo","L00870","S111",1963,"inventato"
21,4,"L00869","ponte","","S111",1963,"generico_terrestre"
21,4,"L00870","città","","S111",1963,"generico_terrestre"
21,4,"L00871","fabbriche","","S111",1963,"generico_terrestre"
21,4,"L00872","rive","","S112",1963,"generico_terrestre"
21,4,"L00873","spiazzo","","S112",1963,"generico_terrestre"
21,4,"L00874","fiume","","S112",1963,"generico_terrestre"
21,4,"L00875","città","","S113",1963,"generico_terrestre"
21,4,"L00876","strade","","S113",1963,"generico_terrestre"
21,4,"L00877","piazze","","S113",1963,"generico_terrestre"
21,4,"L00878","vie","","S113",1963,"generico_terrestre"
21,4,"L00879","marciapiede","","S113",1963,"generico_terrestre"
21,4,"L00880","città","","S114",1963,"generico_terrestre"
21,4,"L00881","ditta","","S114",1963,"generico_terrestre"
21,4,"L00882","quartiere","","S114",1963,"generico_terrestre"
21,5,"L00883","Ristorante Biarritz","L00880","S114",1963,"inventato"
21,4,"L00884","marciapiede","","S114",1963,"generico_terrestre"
21,4,"L00885","via","","S114",1963,"generico_terrestre"
21,4,"L00886","giardino","","S114",1963,"generico_terrestre"
21,4,"L00887","villetta","","S114",1963,"generico_terrestre"
21,4,"L00888","cantiere","","S114",1963,"generico_terrestre"
21,5,"L00889","Sbav","L00891","S115",1963,"inventato"
21,4,"L00890","magazzino","","S115",1963,"generico_terrestre"
21,4,"L00891","città","","S115",1963,"generico_terrestre"
21,4,"L00892","casa","","S115",1963,"generico_terrestre"
21,4,"L00893","quartiere","","S115",1963,"generico_terrestre"
21,4,"L00894","pianerottolo","","S115",1963,"generico_terrestre"
21,4,"L00895","sala","","S115",1963,"generico_terrestre"
21,4,"L00896","villa","","S115",1963,"generico_terrestre"
21,4,"L00897","via","","S115",1963,"generico_terrestre"
21,4,"L00898","bosco","","S115",1963,"generico_terrestre"
21,4,"L00899","caffè","","S116",1963,"generico_terrestre"
21,4,"L00900","casa","","S116",1963,"generico_terrestre"
21,4,"L00901","città","","S116",1963,"generico_terrestre"
21,4,"L00902","strada","","S116",1963,"generico_terrestre"
21,4,"L00903","ripe","","S116",1963,"generico_terrestre"
21,4,"L00904","fiume","","S116",1963,"generico_terrestre"
21,4,"L00905","riva","","S116",1963,"generico_terrestre"
21,4,"L00906","letto","","S117",1963,"generico_terrestre"
21,4,"L00907","città","","S117",1963,"generico_terrestre"
21,4,"L00908","vie","","S117",1963,"generico_terrestre"
21,4,"L00909","strada","","S117",1963,"generico_terrestre"
21,4,"L00910","corsi","","S117",1963,"generico_terrestre"
21,4,"L00911","magazzino","","S117",1963,"generico_terrestre"
21,4,"L00912","ditta","","S117",1963,"generico_terrestre"
21,4,"L00913","marciapiede","","S117",1963,"generico_terrestre"
21,4,"L00914","cortile","","S117",1963,"generico_terrestre"
22,5,"L00915","Scogli di Zinco","L00917","S118",1964,"inventato"
22,2,"L00916","Luna","","S118",1964,"nominato_non_terrestre"
22,2,"L00917","Terra","","S118",1964,"nominato_non_terrestre"
22,4,"L00918","acqua (mare)","L00917","S118",1964,"generico_terrestre"
22,1,"L00919","nebule","","S119",1964,"generico_non_terrestre"
22,2,"L00920","Terra","","S119",1964,"nominato_non_terrestre"
22,1,"L00921","spazio","","S120",1964,"generico_non_terrestre"
22,1,"L00922","universo","","S120",1964,"generico_non_terrestre"
22,2,"L00923","Via Lattea","","S120",1964,"nominato_non_terrestre"
22,2,"L00924","Sistema solare","","S120",1964,"nominato_non_terrestre"
22,1,"L00925","punto","","S121",1964,"generico_non_terrestre"
22,4,"L00926","caffè","L00927","S121",1964,"generico_terrestre"
22,2,"L00927","Terra","","S121",1964,"nominato_non_terrestre"
23,4,"L00928","pianure","L00932","S122",1965,"generico_terrestre"
23,4,"L00929","continenti","L00932","S122",1965,"generico_terrestre"
23,4,"L00930","deserto","L00932","S122",1965,"generico_terrestre"
23,4,"L00931","vulcani","L00932","S122",1965,"generico_terrestre"
23,2,"L00932","Terra","","S122",1965,"nominato_non_terrestre"
23,4,"L00933","lande","L00932","S122",1965,"generico_terrestre"
23,4,"L00934","contrade","L00932","S122",1965,"generico_terrestre"
23,4,"L00935","metropoli nuragica","L00932","S122",1965,"generico_terrestre"
23,4,"L00936","montagna","L00932","S122",1965,"generico_terrestre"
23,4,"L00937","giardino","L00932","S122",1965,"generico_terrestre"
23,4,"L00938","regioni","L00932","S122",1965,"generico_terrestre"
23,1,"L00939","spazio","","S123",1965,"generico_non_terrestre"
23,2,"L00940","Sistema solare","","S123",1965,"nominato_non_terrestre"
23,2,"L00941","Terra","L00940","S123",1965,"nominato_non_terrestre"
23,4,"L00942","acque ","L00950","S124",1965,"generico_terrestre"
23,4,"L00943","laguna","L00950","S124",1965,"generico_terrestre"
23,4,"L00944","pianure","L00950","S124",1965,"generico_terrestre"
23,4,"L00945","colline","L00950","S124",1965,"generico_terrestre"
23,4,"L00946","deserti","L00950","S124",1965,"generico_terrestre"
23,4,"L00947","foreste","L00950","S124",1965,"generico_terrestre"
23,4,"L00948","bosco","L00950","S124",1965,"generico_terrestre"
23,4,"L00949","mare","L00950","S124",1965,"generico_terrestre"
23,2,"L00950","Terra","","S124",1965,"nominato_non_terrestre"
23,4,"L00951","acqua (mare)","L00952","S125",1965,"generico_terrestre"
23,2,"L00952","Terra","","S125",1965,"nominato_non_terrestre"
23,4,"L00953","gobba","L00952","S125",1965,"generico_terrestre"
23,4,"L00954","alture","L00952","S125",1965,"generico_terrestre"
23,1,"L00955","spazio","","S126",1965,"generico_non_terrestre"
23,1,"L00956","galassia","","S126",1965,"generico_non_terrestre"
23,2,"L00957","Terra","","S127",1965,"nominato_non_terrestre"
23,4,"L00958","emisfero","L00957","S127",1965,"generico_terrestre"
23,4,"L00959","capanna","L00957","S127",1965,"generico_terrestre"
23,1,"L00960","vuoto","","S128",1965,"generico_non_terrestre"
23,1,"L00961","spazio","","S128",1965,"generico_non_terrestre"
23,1,"L00962","universo","","S128",1965,"generico_non_terrestre"
23,1,"L00963","caverna","","S128",1965,"generico_non_terrestre"
23,1,"L00964","cunicolo","","S128",1965,"generico_non_terrestre"
23,1,"L00965","isola subspaziale","","S128",1965,"generico_non_terrestre"
23,1,"L00966","canyon","","S128",1965,"generico_non_terrestre"
23,1,"L00967","strapiombo","","S128",1965,"generico_non_terrestre"
23,1,"L00968","vuoto","","S129",1965,"generico_non_terrestre"
23,1,"L00969","pianeta","","S129",1965,"generico_non_terrestre"
23,1,"L00970","palazzina","","S129",1965,"generico_non_terrestre"
23,1,"L00971","campus","","S129",1965,"generico_non_terrestre"
23,4,"L00972","altipiani","L00975","S130",1965,"generico_terrestre"
23,4,"L00973","mondo","L00975","S130",1965,"generico_terrestre"
23,4,"L00974","riva","L00975","S130",1965,"generico_terrestre"
23,2,"L00975","Terra","","S130",1965,"nominato_non_terrestre"
23,4,"L00976","villaggio","L00975","S130",1965,"generico_terrestre"
23,4,"L00977","rocce","L00975","S130",1965,"generico_terrestre"
23,4,"L00978","diga","L00975","S130",1965,"generico_terrestre"
23,4,"L00979","valletta","L00975","S130",1965,"generico_terrestre"
23,4,"L00980","fiume","L00975","S130",1965,"generico_terrestre"
23,4,"L00981","monti","L00975","S130",1965,"generico_terrestre"
23,4,"L00982","bosco","L00975","S130",1965,"generico_terrestre"
23,4,"L00983","valli ","L00975","S130",1965,"generico_terrestre"
23,4,"L00984","pianure","L00975","S130",1965,"generico_terrestre"
23,4,"L00985","stazione","L00975","S130",1965,"generico_terrestre"
23,1,"L00986","spazio","","S131",1965,"generico_non_terrestre"
23,1,"L00987","galassie","","S131",1965,"generico_non_terrestre"
23,4,"L00988","scoglio","","S132",1965,"generico_terrestre"
23,4,"L00989","mare","","S132",1965,"generico_terrestre"
23,4,"L00990","conchiglia","","S132",1965,"generico_terrestre"
24,4,"L00991","savana","","S133",1966,"generico_terrestre"
24,4,"L00992","vuoto","","S133",1966,"generico_terrestre"
24,4,"L00993","punto","","S133",1966,"generico_terrestre"
25,4,"L00994","spazio","","S134",1967,"generico_terrestre"
25,4,"L00995","vuoto","","S134",1967,"generico_terrestre"
25,4,"L00996","città","","S135",1967,"generico_terrestre"
25,4,"L00997","incrocio","","S135",1967,"generico_terrestre"
25,4,"L00998","via","","S135",1967,"generico_terrestre"
25,4,"L00999","strada","","S135",1967,"generico_terrestre"
25,3,"L01000","New Jersey","","S136",1967,"nominato_terrestre"
25,4,"L01001","rocce ","","S136",1967,"generico_terrestre"
25,3,"L01002","Penn Station","L01003","S136",1967,"nominato_terrestre"
25,3,"L01003","New York","","S136",1967,"nominato_terrestre"
25,3,"L01004","Second Avenue","L01003","S136",1967,"nominato_terrestre"
25,4,"L01005","ristorante","L01003","S136",1967,"generico_terrestre"
25,3,"L01006","Manhattan","L01003","S136",1967,"nominato_terrestre"
25,4,"L01007","vulcani","","S136",1967,"generico_terrestre"
25,3,"L01008","Staten Island","L01003","S136",1967,"nominato_terrestre"
25,3,"L01009","Battery","L01003","S136",1967,"nominato_terrestre"
25,3,"L01010","Downtown","L01003","S136",1967,"nominato_terrestre"
25,4,"L01011","contrade","L01022","S137",1967,"generico_terrestre"
25,4,"L01012","continente","L01022","S137",1967,"generico_terrestre"
25,4,"L01013","costa","L01022","S137",1967,"generico_terrestre"
25,4,"L01014","colline","L01022","S137",1967,"generico_terrestre"
25,5,"L01015","Continente degli Uccelli","L01022","S137",1967,"inventato"
25,4,"L01016","baratro","L01022","S137",1967,"generico_terrestre"
25,4,"L01017","mondo","L01022","S137",1967,"generico_terrestre"
25,4,"L01018","monte","L01022","S137",1967,"generico_terrestre"
25,5,"L01019","Paese degli Uccelli","L01022","S137",1967,"inventato"
25,4,"L01020","cella","L01022","S137",1967,"generico_terrestre"
25,4,"L01021","sala","L01022","S137",1967,"generico_terrestre"
25,2,"L01022","Terra","","S137",1967,"nominato_non_terrestre"
25,4,"L01023","laboratori","","S138",1967,"generico_terrestre"
25,4,"L01024","fondazione","","S138",1967,"generico_terrestre"
25,4,"L01025","mare","","S139",1967,"generico_terrestre"
25,4,"L01026","Stazione di servizio","L01027","S139",1967,"generico_terrestre"
25,3,"L01027","Codogno","","S139",1967,"nominato_terrestre"
25,4,"L01028","oceano","","S139",1967,"generico_terrestre"
25,4,"L01029","autostrada","","S139",1967,"generico_terrestre"
25,4,"L01030","strada","","S139",1967,"generico_terrestre"
25,4,"L01031","precipizio","","S139",1967,"generico_terrestre"
25,4,"L01032","città","","S140",1967,"generico_terrestre"
25,5,"L01033","A","","S140",1967,"inventato"
25,5,"L01034","B","","S140",1967,"inventato"
25,4,"L01035","autostrada","","S140",1967,"generico_terrestre"
25,4,"L01036","stazione di servizio","","S140",1967,"generico_terrestre"
25,4,"L01037","bar","","S140",1967,"generico_terrestre"
25,2,"L01038","Terra","","S141",1967,"nominato_non_terrestre"
25,3,"L01039","Madison Avenue","L01048","S141",1967,"nominato_terrestre"
25,4,"L01040","tunnel","","S141",1967,"generico_terrestre"
25,4,"L01041","Osservatorio","","S141",1967,"generico_terrestre"
25,4,"L01042","città","","S141",1967,"generico_terrestre"
25,4,"L01043","cottage","","S141",1967,"generico_terrestre"
25,5,"L01044","Cintura Verde","L01047","S141",1967,"inventato"
25,4,"L01045","viale","L01047","S141",1967,"generico_terrestre"
25,4,"L01046","sobborgo residenziale","L01047","S141",1967,"generico_terrestre"
25,3,"L01047","Contea","","S141",1967,"nominato_terrestre"
25,3,"L01048","New York","","S141",1967,"nominato_terrestre"
25,2,"L01049","Terra","","S142",1967,"nominato_non_terrestre"
25,4,"L01050","mare primordiale","","S142",1967,"generico_terrestre"
25,4,"L01051","vuoto","","S142",1967,"generico_terrestre"
25,4,"L01052","sabbia","","S142",1967,"generico_terrestre"
25,4,"L01053","oasi","","S142",1967,"generico_terrestre"
25,4,"L01054","palmeto","","S142",1967,"generico_terrestre"
25,4,"L01055","mare","","S143",1967,"generico_terrestre"
25,4,"L01056","fondali","","S143",1967,"generico_terrestre"
25,4,"L01057","fungaie","","S143",1967,"generico_terrestre"
25,4,"L01058","terre emerse","","S143",1967,"generico_terrestre"
25,4,"L01059","paludi","","S143",1967,"generico_terrestre"
25,4,"L01060","foresta","","S143",1967,"generico_terrestre"
25,4,"L01061","cella","L01062","S144",1967,"generico_terrestre"
25,3,"L01062","castello d'If","","S144",1967,"nominato_terrestre"
26,2,"L01063","Terra","","S145",1968,"nominato_non_terrestre"
26,3,"L01064","New York","L01063","S145",1968,"nominato_terrestre"
26,4,"L01065","grandi magazzini","L01064","S145",1968,"generico_terrestre"
26,4,"L01066","grattacielo","L01064","S145",1968,"generico_terrestre"
26,3,"L01067","Times Square","L01064","S145",1968,"nominato_terrestre"
26,4,"L01068","docks","L01064","S145",1968,"generico_terrestre"
26,3,"L01069","Central Park","L01064","S145",1968,"nominato_terrestre"
26,4,"L01070","cimitero d'automobili","L01064","S145",1968,"generico_terrestre"
26,3,"L01071","Fifth Avenue","L01064","S145",1968,"nominato_terrestre"
26,3,"L01072","Uptown","L01064","S145",1968,"nominato_terrestre"
26,3,"L01073","Broadway","L01064","S145",1968,"nominato_terrestre"
26,3,"L01074","Madison Square","L01064","S145",1968,"nominato_terrestre"
26,3,"L01075","Brooklyn","L01064","S145",1968,"nominato_terrestre"
26,4,"L01076","savane","L01063","S145",1968,"generico_terrestre"
26,4,"L01077","foreste","L01063","S145",1968,"generico_terrestre"
26,1,"L01078","cratere","L01063","S146",1968,"generico_non_terrestre"
26,2,"L01079","Terra","","S146",1968,"nominato_non_terrestre"
26,1,"L01080","terre interne","L01079","S146",1968,"generico_non_terrestre"
26,4,"L01081","vulcano","L01079","S146",1968,"generico_terrestre"
26,3,"L01082","Vesuvio","L01079","S146",1968,"nominato_terrestre"
26,3,"L01083","Ercolano","L01079","S146",1968,"nominato_terrestre"
26,4,"L01084","stanza","L01079","S146",1968,"generico_terrestre"
26,2,"L01085","Terra","","S147",1968,"nominato_non_terrestre"
26,5,"L01086","Halley","L01085","S147",1968,"inventato"
26,4,"L01087","mare","L01085","S147",1968,"generico_terrestre"
26,3,"L01088","Lancashire","L01085","S147",1968,"nominato_terrestre"
26,4,"L01089","casa","L01088","S147",1968,"generico_terrestre"
26,2,"L01090","Terra","","S148",1968,"nominato_non_terrestre"
27,4,"L01091","capitale","","S149",1969,"generico_terrestre"
27,4,"L01092","piazze","","S149",1969,"generico_terrestre"
27,4,"L01093","bar","","S149",1969,"generico_terrestre"
27,4,"L01094","scantinato","L01096","S149",1969,"generico_terrestre"
27,4,"L01095","vie","L01096","S149",1969,"generico_terrestre"
27,3,"L01096","Russia","","S149",1969,"nominato_terrestre"
27,4,"L01097","bosco","","V016",1969,"generico_terrestre"
27,4,"L01098","castello","","V016",1969,"generico_terrestre"
27,4,"L01099","sala","L01098","V016",1969,"generico_terrestre"
29,4,"L01100","balaustra","","S150",1971,"generico_terrestre"
29,4,"L01101","golfo","","S150",1971,"generico_terrestre"
30,4,"L01102","profumeria","","S151",1972,"generico_terrestre"
30,3,"L01103","Champs Elysèes","","S151",1972,"nominato_terrestre"
30,4,"L01104","galleria","","S151",1972,"generico_terrestre"
30,3,"L01105","Parigi","","S151",1972,"nominato_terrestre"
30,4,"L01106","savana","","S151",1972,"generico_terrestre"
30,4,"L01107","foresta","","S151",1972,"generico_terrestre"
30,4,"L01108","palude","","S151",1972,"generico_terrestre"
30,4,"L01109","erba","","S151",1972,"generico_terrestre"
30,4,"L01110","docks","L01119","S151",1972,"generico_terrestre"
30,4,"L01111","moquette","L01119","S151",1972,"generico_terrestre"
30,4,"L01112","saloni","L01113","S151",1972,"generico_terrestre"
30,3,"L01113","Faubourg Saint-Honoré","L01105","S151",1972,"nominato_terrestre"
30,3,"L01114","Bois de Boulogne","L01105","S151",1972,"nominato_terrestre"
30,4,"L01115","Passy","L01105","S151",1972,"generico_terrestre"
30,4,"L01116","palazzo","L01105","S151",1972,"generico_terrestre"
30,3,"L01117","Embankment","L01119","S151",1972,"nominato_terrestre"
30,4,"L01118","stanze","L01119","S151",1972,"generico_terrestre"
30,3,"L01119","Londra","","S151",1972,"nominato_terrestre"
30,3,"L01120","Impero (mongolo)","L01132","V018",1972,"nominato_terrestre"
30,5,"L01121","Diomira","L01120","V018",1972,"inventato"
30,5,"L01122","Isidora","L01120","V018",1972,"inventato"
30,5,"L01123","Dorotea","L01120","V018",1972,"inventato"
30,5,"L01124","Zaira","L01120","V018",1972,"inventato"
30,5,"L01125","Anastasia","L01120","V018",1972,"inventato"
30,5,"L01126","Tamara","L01120","V018",1972,"inventato"
30,5,"L01127","Zora","L01120","V018",1972,"inventato"
30,5,"L01128","Despina","L01120","V018",1972,"inventato"
30,5,"L01129","Zirma","L01120","V018",1972,"inventato"
30,5,"L01130","Isaura","L01120","V018",1972,"inventato"
30,3,"L01131","reggia di Kemenfù","L01120","V018",1972,"nominato_terrestre"
30,3,"L01132","Levante","","V018",1972,"nominato_terrestre"
30,5,"L01133","Maurilia","L01120","V018",1972,"inventato"
30,5,"L01134","Fedora","L01120","V018",1972,"inventato"
30,5,"L01135","Zoe","L01120","V018",1972,"inventato"
30,5,"L01136","Zenobia","L01120","V018",1972,"inventato"
30,5,"L01137","Eufemia","L01120","V018",1972,"inventato"
30,5,"L01138","Zobeide","L01120","V018",1972,"inventato"
30,5,"L01139","Ipazia","L01120","V018",1972,"inventato"
30,5,"L01140","Armilla","L01120","V018",1972,"inventato"
30,5,"L01141","Cloe","L01120","V018",1972,"inventato"
30,5,"L01142","Valdrada","L01120","V018",1972,"inventato"
30,5,"L01143","Olivia","L01120","V018",1972,"inventato"
30,5,"L01144","Sofronia","L01120","V018",1972,"inventato"
30,5,"L01145","Eutropia","L01120","V018",1972,"inventato"
30,5,"L01146","Zemrude","L01120","V018",1972,"inventato"
30,5,"L01147","Aglaura","L01120","V018",1972,"inventato"
30,5,"L01148","Lalage","L01120","V018",1972,"inventato"
30,5,"L01149","Ottavia","L01120","V018",1972,"inventato"
30,5,"L01150","Ersilia","L01120","V018",1972,"inventato"
30,5,"L01151","Bauci","L01120","V018",1972,"inventato"
30,5,"L01152","Leandra","L01120","V018",1972,"inventato"
30,5,"L01153","Melania","L01120","V018",1972,"inventato"
30,5,"L01154","Quinsai","L01120","V018",1972,"inventato"
30,5,"L01155","Smeraldina","L01120","V018",1972,"inventato"
30,5,"L01156","Fillide","L01120","V018",1972,"inventato"
30,5,"L01157","Pirra","L01120","V018",1972,"inventato"
30,5,"L01158","Adelma","L01120","V018",1972,"inventato"
30,5,"L01159","Eudossia","L01120","V018",1972,"inventato"
30,4,"L01160","giardino","L01131","V018",1972,"generico_terrestre"
30,5,"L01161","Moriana","L01120","V018",1972,"inventato"
30,5,"L01162","Clarice","L01120","V018",1972,"inventato"
30,5,"L01163","Eusapia","L01120","V018",1972,"inventato"
30,5,"L01164","Bersabea","L01120","V018",1972,"inventato"
30,5,"L01165","Leonia","L01120","V018",1972,"inventato"
30,5,"L01166","Irene","L01120","V018",1972,"inventato"
30,5,"L01167","Argia","L01120","V018",1972,"inventato"
30,5,"L01168","Tecla","L01120","V018",1972,"inventato"
30,5,"L01169","Trude","L01120","V018",1972,"inventato"
30,5,"L01170","Olinda","L01120","V018",1972,"inventato"
30,5,"L01171","Laudomia","L01120","V018",1972,"inventato"
30,5,"L01172","Perinzia","L01120","V018",1972,"inventato"
30,5,"L01173","Procopia","L01120","V018",1972,"inventato"
30,5,"L01174","Raissa","L01120","V018",1972,"inventato"
30,5,"L01175","Andria","L01120","V018",1972,"inventato"
30,5,"L01176","Cecilia","L01120","V018",1972,"inventato"
30,5,"L01177","Marozia","L01120","V018",1972,"inventato"
30,5,"L01178","Pentesilea","L01120","V018",1972,"inventato"
30,5,"L01179","Teodora","L01120","V018",1972,"inventato"
30,5,"L01180","Berenice","L01120","V018",1972,"inventato"
31,4,"L01181","taverna","","S152",1973,"generico_terrestre"
32,1,"L01182","memoria","","S153",1974,"generico_non_terrestre"
32,4,"L01183","cinema","L01186","S154",1974,"generico_terrestre"
32,4,"L01184","via principale","L01186","S154",1974,"generico_terrestre"
32,3,"L01185","Quartiere Latino","","S154",1974,"nominato_terrestre"
32,3,"L01186","Sanremo","","S154",1974,"nominato_terrestre"
32,3,"L01187","Parigi","","V020",1974,"nominato_terrestre"
32,4,"L01188","studio","L01187","V020",1974,"generico_terrestre"
32,4,"L01189","città","","S155",1974,"generico_terrestre"
32,4,"L01190","vettura","","S155",1974,"generico_terrestre"
32,4,"L01191","mare","","S155",1974,"generico_terrestre"
32,4,"L01192","stazione di servizio","","S155",1974,"generico_terrestre"
33,4,"L01193","cucina","","S156",1975,"generico_terrestre"
33,4,"L01194","casa","","S156",1975,"generico_terrestre"
33,3,"L01195","mare artico","","S156",1975,"nominato_terrestre"
33,4,"L01196","stanza","","S156",1975,"generico_terrestre"
33,3,"L01197","Neander","","S157",1975,"nominato_terrestre"
33,4,"L01198","rovine","L01199","S158",1975,"generico_terrestre"
33,3,"L01199","Impero (atzeco)","","S158",1975,"nominato_terrestre"
33,4,"L01200","città","L01201","S159",1975,"generico_terrestre"
33,3,"L01201","Europa","","S159",1975,"nominato_terrestre"
33,3,"L01202","zoo di Vincennes","L01203","S160",1975,"nominato_terrestre"
33,3,"L01203","Parigi","","S160",1975,"nominato_terrestre"
33,6,"L01204","no ambientazione","","S161",1975,"no_ambientazione"
33,4,"L01205","prato","","S162",1975,"generico_terrestre"
33,4,"L01206","giardino","","S162",1975,"generico_terrestre"
33,6,"L01207","no ambientazione","","S163",1975,"no_ambientazione"
33,4,"L01208","mare","","S164",1975,"generico_terrestre"
33,4,"L01209","riva","","S164",1975,"generico_terrestre"
33,4,"L01210","costa","","S164",1975,"generico_terrestre"
33,4,"L01211","spiaggia","","S164",1975,"generico_terrestre"
33,3,"L01212","Oriente","","S165",1975,"nominato_terrestre"
33,4,"L01213","bazar","","S165",1975,"generico_terrestre"
33,4,"L01214","casa","","S165",1975,"generico_terrestre"
34,4,"L01215","charcuterie","L01216","S166",1976,"generico_terrestre"
34,3,"L01216","Parigi","","S166",1976,"nominato_terrestre"
34,3,"L01217","quartiere","L01216","S166",1976,"nominato_terrestre"
34,4,"L01218","negozio","L01216","S166",1976,"generico_terrestre"
34,4,"L01219","letto","L01220","S167",1976,"generico_terrestre"
34,4,"L01220","città","","S167",1976,"generico_terrestre"
34,3,"L01221","Messico","","S168",1976,"nominato_terrestre"
34,3,"L01222","Tula","L01221","S168",1976,"nominato_terrestre"
34,3,"L01223","Tempio della Stella del Mattino","L01221","S168",1976,"nominato_terrestre"
34,3,"L01224","Muro dei Serpenti","L01221","S168",1976,"nominato_terrestre"
34,4,"L01225","doccia (bagno)","","S169",1976,"generico_terrestre"
35,3,"L01226","Tempio Ryoanji","L01227","S170",1977,"nominato_terrestre"
35,3,"L01227","Kyoto","","S170",1977,"nominato_terrestre"
35,3,"L01228","Giappone","","S170",1977,"nominato_terrestre"
35,4,"L01229","cucina","L01231","S171",1977,"generico_terrestre"
35,4,"L01230","scale","L01231","S171",1977,"generico_terrestre"
35,3,"L01231","Parigi","","S171",1977,"nominato_terrestre"
35,4,"L01232","garage","L01231","S171",1977,"generico_terrestre"
35,4,"L01233","marciapiede","L01231","S171",1977,"generico_terrestre"
35,3,"L01234","Quattordicesimo Arrodissement","L01231","S171",1977,"nominato_terrestre"
35,4,"L01235","spiaggia","","S172",1977,"generico_terrestre"
35,4,"L01236","costa","","S172",1977,"generico_terrestre"
35,4,"L01237","collina","","S173",1977,"generico_terrestre"
35,4,"L01238","strada","","S173",1977,"generico_terrestre"
35,4,"L01239","casa","","S173",1977,"generico_terrestre"
36,6,"L01240","no ambientazione","","S174",1978,"no_ambientazione"
36,4,"L01241","distese","","S175",1978,"generico_terrestre"
36,4,"L01242","sabbia","","S175",1978,"generico_terrestre"
36,4,"L01243","città","","S175",1978,"generico_terrestre"
37,4,"L01244","libreria","","V021",1979,"generico_terrestre"
37,4,"L01245","autobus","","V021",1979,"generico_terrestre"
37,4,"L01246","macchina","","V021",1979,"generico_terrestre"
37,4,"L01247","ufficio","","V021",1979,"generico_terrestre"
37,4,"L01248","stanza","","V021",1979,"generico_terrestre"
37,4,"L01249","stazione","L01253","V021",1979,"generico_terrestre"
37,4,"L01250","bar","L01250","V021",1979,"generico_terrestre"
37,4,"L01251","cabina telefonica","L01250","V021",1979,"generico_terrestre"
37,4,"L01252","città","","V021",1979,"generico_terrestre"
37,4,"L01253","cucina","L01255","V021",1979,"generico_terrestre"
37,5,"L01254","Kudgiwa","","V021",1979,"inventato"
37,4,"L01255","casa","L01255","V021",1979,"generico_terrestre"
37,4,"L01256","università","","V021",1979,"generico_terrestre"
37,5,"L01257","Istituto di lingue e letterature botno-ugriche","L01257","V021",1979,"inventato"
37,5,"L01258","Petkwo","","V021",1979,"inventato"
37,5,"L01259","Pensione Kudgiwa","L01259","V021",1979,"inventato"
37,4,"L01260","osservatorio","L01259","V021",1979,"generico_terrestre"
37,4,"L01261","porto","L01259","V021",1979,"generico_terrestre"
37,4,"L01262","belvedere","L01259","V021",1979,"generico_terrestre"
37,4,"L01263","promontorio","L01259","V021",1979,"generico_terrestre"
37,4,"L01264","molo","L01259","V021",1979,"generico_terrestre"
37,5,"L01265","Albergo (del Giglio Marino)","L01259","V021",1979,"inventato"
37,4,"L01266","piazzale","L01259","V021",1979,"generico_terrestre"
37,5,"L01267","La Stella della Svezia","L01259","V021",1979,"inventato"
37,4,"L01268","cimitero","L01259","V021",1979,"generico_terrestre"
37,4,"L01269","sala","L01257","V021",1979,"generico_terrestre"
37,4,"L01270","città","","V021",1979,"generico_terrestre"
37,4,"L01271","strada","L01271","V021",1979,"generico_terrestre"
37,4,"L01272","stanza","L01271","V021",1979,"generico_terrestre"
37,4,"L01273","caffè","","V021",1979,"generico_terrestre"
37,4,"L01274","casa editrice","","V021",1979,"generico_terrestre"
37,4,"L01275","sotterraneo","","V021",1979,"generico_terrestre"
37,3,"L01276","Parigi","","V021",1979,"nominato_terrestre"
37,4,"L01277","parcheggio","L01279","V021",1979,"generico_terrestre"
37,3,"L01278","Faubourg Saint-Antoine","L01277","V021",1979,"nominato_terrestre"
37,4,"L01279","ascensore","L01277","V021",1979,"generico_terrestre"
37,4,"L01280","casa","","V021",1979,"generico_terrestre"
37,4,"L01281","collina","","V021",1979,"generico_terrestre"
37,4,"L01282","giardino","","V021",1979,"generico_terrestre"
37,4,"L01283","campus","","V021",1979,"generico_terrestre"
37,5,"L01284","Grosvenor Avenue","","V021",1979,"inventato"
37,5,"L01285","Cedar Street","","V021",1979,"inventato"
37,5,"L01286","Maple Road","","V021",1979,"inventato"
37,5,"L01287","Hillside Drive","","V021",1979,"inventato"
37,4,"L01288","stanza","L01288","V021",1979,"generico_terrestre"
37,4,"L01289","casa (Ludmilla)","","V021",1979,"generico_terrestre"
37,4,"L01290","letto","L01290","V021",1979,"generico_terrestre"
37,4,"L01291","villa","","V021",1979,"generico_terrestre"
37,4,"L01292","città","","V021",1979,"generico_terrestre"
37,4,"L01293","crocicchio","L01293","V021",1979,"generico_terrestre"
37,4,"L01294","stanza catoptrica","L01292","V021",1979,"generico_terrestre"
37,4,"L01295","vallata","","V021",1979,"generico_terrestre"
37,4,"L01296","studio","L01298","V021",1979,"generico_terrestre"
37,4,"L01297","casa","L01296","V021",1979,"generico_terrestre"
37,4,"L01298","sentiero","","V021",1979,"generico_terrestre"
37,4,"L01299","riva","","V021",1979,"generico_terrestre"
37,4,"L01300","casa","","V021",1979,"generico_terrestre"
37,4,"L01301","aereo","","V021",1979,"generico_terrestre"
37,5,"L01302","Ataguitania","","V021",1979,"inventato"
37,4,"L01303","periferia","L01303","V021",1979,"generico_terrestre"
37,4,"L01304","caserma","L01303","V021",1979,"generico_terrestre"
37,4,"L01305","cella","L01303","V021",1979,"generico_terrestre"
37,4,"L01306","biblioteca","L01308","V021",1979,"generico_terrestre"
37,4,"L01307","carcere","L01303","V021",1979,"generico_terrestre"
37,4,"L01308","strade","","V021",1979,"generico_terrestre"
37,5,"L01309","San Ireneo","","V021",1979,"inventato"
37,5,"L01310","palazzo degli Alvarado","L01312","V021",1979,"inventato"
37,5,"L01311","Oquedal","","V021",1979,"inventato"
37,4,"L01312","fossa","L01312","V021",1979,"generico_terrestre"
37,5,"L01313","Ircania","","V021",1979,"inventato"
37,3,"L01314","Polizia di Stato","L01314","V021",1979,"nominato_terrestre"
37,4,"L01315","giardini pubblici","L01317","V021",1979,"generico_terrestre"
37,4,"L01316","capitale","L01314","V021",1979,"generico_terrestre"
37,4,"L01317","città","","V021",1979,"generico_terrestre"
37,5,"L01318","Prospettiva","L01318","V021",1979,"inventato"
37,4,"L01319","biblioteca","","V021",1979,"generico_terrestre"
37,4,"L01320","letto","","V021",1979,"generico_terrestre"
38,4,"L01321","paese","","S176",1980,"generico_terrestre"
38,6,"L01322","no ambientazione","","S177",1980,"no_ambientazione"
38,4,"L01323","zoo ","","S178",1980,"generico_terrestre"
38,3,"L01324","Barcellona","","S178",1980,"nominato_terrestre"
38,5,"L01325","Inferi","","S179",1980,"inventato"
38,4,"L01326","vulcano","","S179",1980,"generico_terrestre"
38,2,"L01327","Terra","","S179",1980,"nominato_non_terrestre"
38,3,"L01328","Vesuvio","","S179",1980,"nominato_terrestre"
38,4,"L01329","stanza","","S179",1980,"generico_terrestre"
39,6,"L01330","no ambientazione","","S180",1981,"no_ambientazione"
39,3,"L01331","xxx","","S181",1981,"nominato_terrestre"
39,4,"L01332","stanza","","S181",1981,"generico_terrestre"
39,4,"L01333","città","","S181",1981,"generico_terrestre"
39,4,"L01334","nave","","S181",1981,"generico_terrestre"
39,3,"L01335","Roma","","S182",1981,"nominato_terrestre"
39,4,"L01336","terrazzo","","S182",1981,"generico_terrestre"
40,4,"L01337","città","","S183",1982,"generico_terrestre"
40,4,"L01338","terrazzo","","S184",1982,"generico_terrestre"
40,3,"L01339","Oaxaca","L01342","S185",1982,"nominato_terrestre"
40,4,"L01340","albergo","L01339","S185",1982,"generico_terrestre"
40,4,"L01341","ristorante","L01339","S185",1982,"generico_terrestre"
40,3,"L01342","Messico","","S185",1982,"nominato_terrestre"
40,3,"L01343","Monte Alban","L01339","S185",1982,"nominato_terrestre"
40,4,"L01344","caffè","L01339","S185",1982,"generico_terrestre"
40,3,"L01345","Palenque","L01342","S185",1982,"nominato_terrestre"
40,6,"L01346","no ambientazione","","S186",1982,"no_ambientazione"
40,4,"L01347","terrazzo","L01349","S187",1982,"generico_terrestre"
40,4,"L01348","soggiorno","L01349","S187",1982,"generico_terrestre"
40,5,"L01349","casa Palomar","","S187",1982,"inventato"
41,6,"L01350","no ambientazione","","S188",1983,"no_ambientazione"
41,4,"L01351","città","","S189",1983,"generico_terrestre"
41,4,"L01352","riva","","S190",1983,"generico_terrestre"
41,4,"L01353","mare","","S190",1983,"generico_terrestre"
41,4,"L01354","casa","","S190",1983,"generico_terrestre"
41,4,"L01355","spiaggia","","S191",1983,"generico_terrestre"
41,4,"L01356","costa","","S191",1983,"generico_terrestre"
41,4,"L01357","patio","","S192",1983,"generico_terrestre"
41,4,"L01358","marciapiede","","S192",1983,"generico_terrestre"
41,4,"L01359","terreno","","S192",1983,"generico_terrestre"
41,4,"L01360","praticello","","S192",1983,"generico_terrestre"
41,4,"L01361","prato","","S193",1983,"generico_terrestre"
41,4,"L01362","strade","","S194",1983,"generico_terrestre"
41,4,"L01363","casa","","S194",1983,"generico_terrestre"
41,4,"L01364","terrazzo","L01365","S195",1983,"generico_terrestre"
41,3,"L01365","Roma","","S195",1983,"nominato_terrestre"
41,4,"L01366","negozio","L01367","S196",1983,"generico_terrestre"
41,3,"L01367","Parigi","","S196",1983,"nominato_terrestre"
41,4,"L01368","formaggeria","L01367","S196",1983,"generico_terrestre"
41,4,"L01369","negozio","","S197",1983,"generico_terrestre"
41,4,"L01370","macelleria","","S197",1983,"generico_terrestre"
41,3,"L01371","Parigi","","S198",1983,"nominato_terrestre"
41,4,"L01372","rettilario","L01371","S198",1983,"generico_terrestre"
41,3,"L01373","Jardin des Plantes","L01371","S198",1983,"nominato_terrestre"
41,6,"L01374","no ambientazione","","S199",1983,"no_ambientazione"
41,4,"L01375","vie","","S200",1983,"generico_terrestre"
41,4,"L01376","mare","","S201",1983,"generico_terrestre"
42,4,"L01377","clinica","","S202",1984,"generico_terrestre"
42,4,"L01378","vie","","S202",1984,"generico_terrestre"
42,4,"L01379","città","","S202",1984,"generico_terrestre"
42,1,"L01380","esterno","","S203",1984,"generico_non_terrestre"
42,1,"L01381","interno","","S203",1984,"generico_non_terrestre"
42,4,"L01382","stanza","","S203",1984,"generico_terrestre"
42,4,"L01383","mare","","S203",1984,"generico_terrestre"
42,4,"L01384","piattaforma","","S203",1984,"generico_terrestre"
42,4,"L01385","spiaggia","","S203",1984,"generico_terrestre"
42,4,"L01386","caffè","","S203",1984,"generico_terrestre"
42,4,"L01387","sala del trono","L01388","S204",1984,"generico_terrestre"
42,4,"L01388","palazzo","L01389","S204",1984,"generico_terrestre"
42,4,"L01389","città","","S204",1984,"generico_terrestre"
42,4,"L01390","campagna","","S204",1984,"generico_terrestre"
42,4,"L01391","grotta","L01390","S204",1984,"generico_terrestre"
42,1,"L01392","universo","","S205",1984,"generico_non_terrestre"
42,1,"L01393","galassia","","S206",1984,"generico_non_terrestre"
42,1,"L01394","buco (nero)","","S206",1984,"generico_non_terrestre"